Compound,Date,Media,Negative,Neutral,Positive,Tweet Count,Tweet Text
0.128,Wed Feb 14 20:03:04 +0000 2018,@BBC,0.118,0.742,0.14,1,"üí° What does it take for kids from disadvantaged backgrounds to succeed? 

Take a unique look at social mobility thr‚Ä¶ https://t.co/MrfHIqBwof"
0.4767,Wed Feb 14 19:07:49 +0000 2018,@BBC,0.0,0.866,0.134,2,"RT @BBCWales: Heartwarming. ‚ù§Ô∏è

Cyril Jenkins, 93, talks about the primary school pupils in #Torfaen who regularly visit him in hospital.‚Ä¶"
-0.2886,Wed Feb 14 19:07:35 +0000 2018,@BBC,0.171,0.709,0.12,3,"RT @bbcrb: Isn't this a great idea? üí°üí°
Nina uses yoga to help wheelchair users stay supple üôåüëç‚ôø https://t.co/PdiUa8rgE3"
0.0,Wed Feb 14 19:06:34 +0000 2018,@BBC,0.0,1.0,0.0,4,"RT @bbccomedy: 5 Reasons why Valentine's should be for BFFs! üëØüëØ‚Äç‚ôÇÔ∏è 

@bbcwritersroom @r_jacz @KathrynBond https://t.co/ZRoOpJGxiN"
0.3612,Wed Feb 14 19:00:07 +0000 2018,@BBC,0.0,0.815,0.185,5,Chinese characters are based on symbols denoting meanings ‚Äì a bit like emojis. üòÄhttps://t.co/t0LoqNG7iJ
0.0,Wed Feb 14 17:57:02 +0000 2018,@BBC,0.0,1.0,0.0,6,"What does it takes to survive in the most extreme places on earth?
 
#EarthsNaturalWonders | 9pm | @BBCOne https://t.co/Zjoo568V56"
0.0,Wed Feb 14 17:28:27 +0000 2018,@BBC,0.0,1.0,0.0,7,RT @bbcthesocial: | @LaurenAviah &amp; @RickyCrompton are going on a date LIVE tonight at 8pm. You can watch it on our Facebook page: https://t‚Ä¶
0.0,Wed Feb 14 17:01:02 +0000 2018,@BBC,0.0,1.0,0.0,8,"‚ù§Ô∏èÔ∏èü¶å A handy guide to dating, if you're a deer... 
#ValentinesDay https://t.co/qs7crtpLy6"
0.0,Wed Feb 14 16:57:13 +0000 2018,@BBC,0.0,1.0,0.0,9,"RT @BBCSport: What a way to spend Valentine's Day!

#Pyeongchang2018 #bbcolympics https://t.co/baMLnCviA4"
0.0,Wed Feb 14 16:53:35 +0000 2018,@BBC,0.0,1.0,0.0,10,RT @bbc5live: Xanax turned my daughter into an ‚Äòaggressive zombie‚Äô https://t.co/836VCGz50D
0.0,Wed Feb 14 16:53:10 +0000 2018,@BBC,0.0,1.0,0.0,11,RT @bbcthree: Working in a restaurant on V Day? These are the types of people you'll see. https://t.co/mRKe1PCcC0
0.0,Wed Feb 14 16:40:01 +0000 2018,@BBC,0.0,1.0,0.0,12,"RT @BBCSport: This was INCREDIBLE.

#Pyeongchang2018 #bbcolympics https://t.co/oQFPv08RrK"
-0.7419,Wed Feb 14 15:16:41 +0000 2018,@BBC,0.294,0.583,0.123,13,"RT @BBCRadio4: üìûDate night?! We want to hear your dating calamities. We'd like to hear about your worst, weirdest and most difficult dates‚Ä¶"
0.8999,Wed Feb 14 14:42:08 +0000 2018,@BBC,0.0,0.5,0.5,14,"RT @bbccomedy: Celebrate this #ValentinesDay with your one true love. Food! üòç

@bbcwritersroom @KathrynBond https://t.co/yx22bRwHnE"
0.0,Wed Feb 14 14:32:02 +0000 2018,@BBC,0.0,1.0,0.0,15,üßÄü§§ Easy-peasy cheesy sauce! https://t.co/xG02lSgbdP
0.7717,Wed Feb 14 13:57:42 +0000 2018,@BBC,0.0,0.729,0.271,16,"RT @bbccomedy: Roses are great
But poems are stunning
Click pause on the screen 
For some Valentine's punning. üòÉüíã https://t.co/SoGqSTGauI"
0.6369,Wed Feb 14 13:42:18 +0000 2018,@BBC,0.0,0.792,0.208,17,"RT @BBCiPlayer: Despite a rough start to life, Mukeni has found love in his own form.
#ValentinesDay https://t.co/YkDaXbIom4"
0.0,Wed Feb 14 13:33:04 +0000 2018,@BBC,0.0,1.0,0.0,18,"A closer look at animal relationships reveals infidelity, illegitimate offspring and even infanticide...

üòØ and hum‚Ä¶ https://t.co/IeGaywrYDK"
0.803,Wed Feb 14 13:03:03 +0000 2018,@BBC,0.0,0.772,0.228,19,"‚òùÔ∏èüì±üíò More couples than ever before are meeting online, but are data crunching apps really the best way to find a pa‚Ä¶ https://t.co/GdQujaOmq4"
0.0,Wed Feb 14 12:48:47 +0000 2018,@BBC,0.0,1.0,0.0,20,RT @bbcpress: üåç @BBC announces three-step plan to remove single-use plastic from our operations by 2020: https://t.co/xvX1m3dUES https://t.‚Ä¶
0.128,Wed Feb 14 20:03:04 +0000 2018,@BBC,0.118,0.742,0.14,21,"üí° What does it take for kids from disadvantaged backgrounds to succeed? 

Take a unique look at social mobility thr‚Ä¶ https://t.co/MrfHIqBwof"
0.4767,Wed Feb 14 19:07:49 +0000 2018,@BBC,0.0,0.866,0.134,22,"RT @BBCWales: Heartwarming. ‚ù§Ô∏è

Cyril Jenkins, 93, talks about the primary school pupils in #Torfaen who regularly visit him in hospital.‚Ä¶"
-0.2886,Wed Feb 14 19:07:35 +0000 2018,@BBC,0.171,0.709,0.12,23,"RT @bbcrb: Isn't this a great idea? üí°üí°
Nina uses yoga to help wheelchair users stay supple üôåüëç‚ôø https://t.co/PdiUa8rgE3"
0.0,Wed Feb 14 19:06:34 +0000 2018,@BBC,0.0,1.0,0.0,24,"RT @bbccomedy: 5 Reasons why Valentine's should be for BFFs! üëØüëØ‚Äç‚ôÇÔ∏è 

@bbcwritersroom @r_jacz @KathrynBond https://t.co/ZRoOpJGxiN"
0.3612,Wed Feb 14 19:00:07 +0000 2018,@BBC,0.0,0.815,0.185,25,Chinese characters are based on symbols denoting meanings ‚Äì a bit like emojis. üòÄhttps://t.co/t0LoqNG7iJ
0.0,Wed Feb 14 17:57:02 +0000 2018,@BBC,0.0,1.0,0.0,26,"What does it takes to survive in the most extreme places on earth?
 
#EarthsNaturalWonders | 9pm | @BBCOne https://t.co/Zjoo568V56"
0.0,Wed Feb 14 17:28:27 +0000 2018,@BBC,0.0,1.0,0.0,27,RT @bbcthesocial: | @LaurenAviah &amp; @RickyCrompton are going on a date LIVE tonight at 8pm. You can watch it on our Facebook page: https://t‚Ä¶
0.0,Wed Feb 14 17:01:02 +0000 2018,@BBC,0.0,1.0,0.0,28,"‚ù§Ô∏èÔ∏èü¶å A handy guide to dating, if you're a deer... 
#ValentinesDay https://t.co/qs7crtpLy6"
0.0,Wed Feb 14 16:57:13 +0000 2018,@BBC,0.0,1.0,0.0,29,"RT @BBCSport: What a way to spend Valentine's Day!

#Pyeongchang2018 #bbcolympics https://t.co/baMLnCviA4"
0.0,Wed Feb 14 16:53:35 +0000 2018,@BBC,0.0,1.0,0.0,30,RT @bbc5live: Xanax turned my daughter into an ‚Äòaggressive zombie‚Äô https://t.co/836VCGz50D
0.0,Wed Feb 14 16:53:10 +0000 2018,@BBC,0.0,1.0,0.0,31,RT @bbcthree: Working in a restaurant on V Day? These are the types of people you'll see. https://t.co/mRKe1PCcC0
0.0,Wed Feb 14 16:40:01 +0000 2018,@BBC,0.0,1.0,0.0,32,"RT @BBCSport: This was INCREDIBLE.

#Pyeongchang2018 #bbcolympics https://t.co/oQFPv08RrK"
-0.7419,Wed Feb 14 15:16:41 +0000 2018,@BBC,0.294,0.583,0.123,33,"RT @BBCRadio4: üìûDate night?! We want to hear your dating calamities. We'd like to hear about your worst, weirdest and most difficult dates‚Ä¶"
0.8999,Wed Feb 14 14:42:08 +0000 2018,@BBC,0.0,0.5,0.5,34,"RT @bbccomedy: Celebrate this #ValentinesDay with your one true love. Food! üòç

@bbcwritersroom @KathrynBond https://t.co/yx22bRwHnE"
0.0,Wed Feb 14 14:32:02 +0000 2018,@BBC,0.0,1.0,0.0,35,üßÄü§§ Easy-peasy cheesy sauce! https://t.co/xG02lSgbdP
0.7717,Wed Feb 14 13:57:42 +0000 2018,@BBC,0.0,0.729,0.271,36,"RT @bbccomedy: Roses are great
But poems are stunning
Click pause on the screen 
For some Valentine's punning. üòÉüíã https://t.co/SoGqSTGauI"
0.6369,Wed Feb 14 13:42:18 +0000 2018,@BBC,0.0,0.792,0.208,37,"RT @BBCiPlayer: Despite a rough start to life, Mukeni has found love in his own form.
#ValentinesDay https://t.co/YkDaXbIom4"
0.0,Wed Feb 14 13:33:04 +0000 2018,@BBC,0.0,1.0,0.0,38,"A closer look at animal relationships reveals infidelity, illegitimate offspring and even infanticide...

üòØ and hum‚Ä¶ https://t.co/IeGaywrYDK"
0.803,Wed Feb 14 13:03:03 +0000 2018,@BBC,0.0,0.772,0.228,39,"‚òùÔ∏èüì±üíò More couples than ever before are meeting online, but are data crunching apps really the best way to find a pa‚Ä¶ https://t.co/GdQujaOmq4"
0.0,Wed Feb 14 12:48:47 +0000 2018,@BBC,0.0,1.0,0.0,40,RT @bbcpress: üåç @BBC announces three-step plan to remove single-use plastic from our operations by 2020: https://t.co/xvX1m3dUES https://t.‚Ä¶
0.6369,Wed Feb 14 12:30:04 +0000 2018,@BBC,0.0,0.755,0.245,41,"üòÇü•Ä  The only people who like #ValentinesDay are people who make cards. 

A healthy dose of realism from‚Ä¶ https://t.co/e2Tc3BBdy6"
-0.0772,Wed Feb 14 12:00:10 +0000 2018,@BBC,0.113,0.788,0.099,42,"Why do heat waves distort vision?

üå° Your questions on hot, cold and everything in between, answered. 
üëâ‚Ä¶ https://t.co/nZ02MsDsMN"
0.7717,Wed Feb 14 11:58:53 +0000 2018,@BBC,0.0,0.717,0.283,43,"RT @bbcthree: Happy Valentine's Day from your fav Cotswold residents.
#ThisCountry returns to BBC Three on Feb 26th. https://t.co/vRTInp3Vw7"
-0.5267,Wed Feb 14 11:00:07 +0000 2018,@BBC,0.139,0.861,0.0,44,"üè≥Ô∏è‚Äçüåà 'I'm in danger of becoming a gay icon.'

‚ù§Ô∏èÔ∏è Barbara Hosking has decided to come out at the age of 91. https://t.co/y3q01p8Kp7"
0.0,Wed Feb 14 10:30:19 +0000 2018,@BBC,0.0,1.0,0.0,45,‚ù§Ô∏èÔ∏è Sea pup meets land pup. https://t.co/b75hdAIu3w
0.0,Wed Feb 14 10:00:05 +0000 2018,@BBC,0.0,1.0,0.0,46,üíãWhen you're the only single one in your group on #ValentinesDay. https://t.co/nOGaqbLgTq
0.2732,Wed Feb 14 09:30:06 +0000 2018,@BBC,0.0,0.884,0.116,47,Did you watch #BluePlanet2? Online searches around plastic recycling increased by 55% following the programme‚Äôs fin‚Ä¶ https://t.co/AAwdaEgsM6
0.8439,Wed Feb 14 09:04:03 +0000 2018,@BBC,0.0,0.638,0.362,48,"üëã Yours faithfully. Cheers. K thanks byeee! 

Here are 13 different ways to sign off - what do you use?
üëâ‚Ä¶ https://t.co/5rUkRo1y7A"
0.0,Wed Feb 14 08:52:04 +0000 2018,@BBC,0.0,1.0,0.0,49,"RT @BBCNewsbeat: Keeping it real when you put your life on YouTube üíªüìπüíîüò¢
 #relationshipgoals üëâ https://t.co/WphfsUrmqw https://t.co/5pXeR65j‚Ä¶"
0.4939,Wed Feb 14 08:49:05 +0000 2018,@BBC,0.0,0.769,0.231,50,"RT @BBCBreakfast: Are you getting in to the curling spirit like this family? üòÇ
#WinterOlympics2018  @BritishCurling https://t.co/nOVdyXNAgo"
0.7579,Wed Feb 14 08:48:56 +0000 2018,@BBC,0.0,0.764,0.236,51,"RT @BBCSpringwatch: Today marks the start of #NationalNestBoxWeek. Please pop a nest box up for your local 'love birds' üíïüê¶
Soon you could h‚Ä¶"
0.0,Wed Feb 14 08:48:48 +0000 2018,@BBC,0.0,1.0,0.0,52,RT @BBCTwo: Who's counting down the days until the return of Alan Partridge? üôå üßÄ¬†https://t.co/b5eRlyPlBR
0.0,Wed Feb 14 08:48:17 +0000 2018,@BBC,0.0,1.0,0.0,53,RT @bbcpress: üåç @BBC announces three-step plan to remove single-use plastic from our operations by 2020: https://t.co/TJnvz6Y4ol https://t.‚Ä¶
0.7906,Wed Feb 14 08:40:02 +0000 2018,@BBC,0.0,0.696,0.304,54,"üë∂üëµüèª‚ù§Ô∏è These children are bringing joy, company and lots of nursery rhymes to their local care home. https://t.co/vvyhiEMFGO"
0.8225,Wed Feb 14 08:23:10 +0000 2018,@BBC,0.0,0.591,0.409,55,"üçÉüôå The winning photos from the 2018 @IGPOTY are just glorious. 
üëâ https://t.co/91B3RTPrNi https://t.co/FvNrC4gRma"
0.8122,Wed Feb 14 08:00:05 +0000 2018,@BBC,0.0,0.289,0.711,56,üòòüíï Happy #ValentinesDay lovers! https://t.co/W1XeQNmcVw
0.4588,Tue Feb 13 19:00:08 +0000 2018,@BBC,0.0,0.7,0.3,57,üéß üé∂ Welcome to the world's first zero-gravity rave. https://t.co/3SJTFo1CDX
0.6369,Tue Feb 13 18:30:14 +0000 2018,@BBC,0.0,0.756,0.244,58,"üì∏ A selection of the best news photographs taken around the world this week.
üëâ https://t.co/Lk2mRaN1U9 https://t.co/zN4tYkoFe4"
0.2023,Tue Feb 13 18:00:09 +0000 2018,@BBC,0.0,0.859,0.141,59,"'Why I tell my parents that everything's fine, when it's not.'
üëâ https://t.co/mNAtiLM1U5 https://t.co/p9e3cWdpqJ"
0.7096,Tue Feb 13 17:42:08 +0000 2018,@BBC,0.0,0.781,0.219,60,RT @bbc5live: This heart-warming photo taken by Jo-Anne McArthur showing a hug between gorilla Pikin and the man who saved her life has bee‚Ä¶
0.0,Tue Feb 13 17:30:09 +0000 2018,@BBC,0.0,1.0,0.0,61,Would you? ü§§ https://t.co/zq0mkxOEw3
0.3382,Tue Feb 13 17:04:48 +0000 2018,@BBC,0.0,0.877,0.123,62,"RT @BBCSportWales: 'Nige-ercize' - @Nigelrefowens' latest venture! üòÇ 

This is ""Nige"" - Chapter 5: Fitness.

Watch the full story on @BBCiP‚Ä¶"
0.0,Tue Feb 13 17:00:35 +0000 2018,@BBC,0.0,1.0,0.0,63,"Sports stars are often compared to rock stars, but their attempts to make it as actual musicians don't always make‚Ä¶ https://t.co/oQ1lQ2Q8J2"
0.0,Tue Feb 13 16:33:31 +0000 2018,@BBC,0.0,1.0,0.0,64,"RT @BBC6Music: If you could tell the world about one artist, who would it be?

We asked @st_vincent, @arcadefire, @IggyPop, David Byrne (@D‚Ä¶"
0.0,Tue Feb 13 16:33:17 +0000 2018,@BBC,0.0,1.0,0.0,65,"üö¶‚ù§Ô∏èÔ∏èüö¶ The little green and red traffic light men in southern Taiwan have got themselves girlfriends, just in time f‚Ä¶ https://t.co/yq3x28MvJj"
0.0772,Tue Feb 13 14:30:14 +0000 2018,@BBC,0.0,0.925,0.075,66,"Athletes competing at #PyeongChang2018 have been handed 110,000 condoms (roughly 38 each) - a record number for the‚Ä¶ https://t.co/KpiuQLyutc"
0.0,Tue Feb 13 14:03:05 +0000 2018,@BBC,0.127,0.746,0.127,67,"üé∂üíã The sexy and scandalous Carmen simply refuses to remain in the opera world.

From @Beyonce to Bizet, here are fi‚Ä¶ https://t.co/14fgMbZHzM"
-0.1531,Tue Feb 13 13:30:09 +0000 2018,@BBC,0.096,0.904,0.0,68,"üôÖü•õü•ûDairy and gluten-free recipes for your Shrove Tuesday... because nobody should miss out pancakes.
üëâ‚Ä¶ https://t.co/qGPZGs62Q7"
-0.3578,Tue Feb 13 13:02:27 +0000 2018,@BBC,0.151,0.849,0.0,69,"RT @BBCWales: Forget #PancakeDay, it's #CrempogDay! 

üçã What's a crempog? - The pancake's tastier Welsh cousin!

üíõ #ShroveTuesday

https://‚Ä¶"
-0.5574,Tue Feb 13 13:02:01 +0000 2018,@BBC,0.265,0.735,0.0,70,"Graham Norton and Rob Beckett go way, way back.  
#TheGNShow https://t.co/bWWZZkAiuK"
0.6369,Tue Feb 13 12:35:34 +0000 2018,@BBC,0.0,0.625,0.375,71,"RT @bbcthree: ""I bet you love a vajazzle."" https://t.co/WKTPWFb0vT"
0.5719,Tue Feb 13 12:30:38 +0000 2018,@BBC,0.0,0.844,0.156,72,"RT @BBCSpringwatch: Happy #PancakeDay ü•û This rare phenomenon known as 'ice pancakes' was captured on the River Irthing in Cumbria, by Joan‚Ä¶"
0.5106,Tue Feb 13 12:30:06 +0000 2018,@BBC,0.0,0.732,0.268,73,ü§ñ This robot could soon revolutionise search and rescue efforts.  https://t.co/ldgnpUtw9e
0.3595,Tue Feb 13 12:28:41 +0000 2018,@BBC,0.0,0.865,0.135,74,"RT @mixital: üí•New #DoctorWho writing challengeüí•
Write a story featuring Gallifrey!

Share it with us here: https://t.co/zW42ZnvJnc
#gallifr‚Ä¶"
-0.1531,Tue Feb 13 12:07:30 +0000 2018,@BBC,0.155,0.754,0.091,75,"RT @BBCSport: ‚è∞ Cancel all meetings, postpone that lunch with your mates, make sure your phone has charge and turn on @BBCOne.

@Elise_Chri‚Ä¶"
0.0,Tue Feb 13 12:02:42 +0000 2018,@BBC,0.0,1.0,0.0,76,üòç Unseen footage of Princess Margaret has been discovered in a Bristol attic. https://t.co/OaWNMyk9a5
0.784,Tue Feb 13 11:57:47 +0000 2018,@BBC,0.0,0.67,0.33,77,RT @BBCiPlayer: It's #PancakeDay! This delicious Mary Berry design is nearly too good to eat. ü•û https://t.co/z0H4vihCrR
0.8268,Tue Feb 13 11:48:51 +0000 2018,@BBC,0.0,0.609,0.391,78,RT @BBCTwo: Happy Pancake Day! Here's how to execute the perfect flip. üòã #PancakeDay2018 https://t.co/umG0Vrt0Rd
0.2732,Tue Feb 13 11:44:43 +0000 2018,@BBC,0.076,0.802,0.122,79,"RT @BBCR1: Does finding fame online as a couple inevitably tear you apart? üíªüìπüíîüò¢

@BBCNewsbeat investigate the highs and lows of #relationsh‚Ä¶"
0.5106,Tue Feb 13 11:37:03 +0000 2018,@BBC,0.099,0.681,0.22,80,"üíñ üíÅ Forget Valentine's Day, here's why #GalentinesDay is 'the best day of the year'. 
üëâ https://t.co/dXjfHt8rSe https://t.co/XwJbPJm4Hz"
0.872,Tue Feb 13 10:30:28 +0000 2018,@BBC,0.0,0.657,0.343,81,RT @TWBBC: Boost your happiness levels by taking part in the Secrets Of Happiness #citizenscience test from @TWBBC and @LivUni. Simply fill‚Ä¶
0.6124,Tue Feb 13 09:30:07 +0000 2018,@BBC,0.0,0.706,0.294,82,"‚õ∑ The Swiss Freestyle Skiing team have been having fun at the #WinterOlympics. 
#PyeongChang2018 https://t.co/pfY3LwiYLy"
0.8122,Tue Feb 13 09:00:05 +0000 2018,@BBC,0.0,0.654,0.346,83,"ü•ûü§§ Happy #PancakeDay! 

If you need some pancake inspiration, @BBCFood has stacks of recipes. 
üëâ‚Ä¶ https://t.co/Xid1wl8srF"
0.8402,Tue Feb 13 08:49:12 +0000 2018,@BBC,0.0,0.667,0.333,84,"RT @bbcgetinspired: They are dressing to truly impress in Pyeongchang...üî• 

Are you getting inspired by the #WinterOlympics to take up wint‚Ä¶"
0.784,Tue Feb 13 08:48:48 +0000 2018,@BBC,0.0,0.769,0.231,85,"RT @BBCMOTD: The FA Peoples Cup is back! üèÜ

It‚Äôs fun, it‚Äôs free, it‚Äôs five-a-side. 

The closing date for the #FAPeopleCup is the 18th of F‚Ä¶"
-0.5423,Tue Feb 13 08:46:26 +0000 2018,@BBC,0.149,0.851,0.0,86,"RT @BBCiPlayer: ‚ö°Ô∏è ""James Bond meets the Godfather"". ‚ö°Ô∏è

#McMafia, the latest crime drama box set on BBC iPlayer 
üëâüèæ   https://t.co/2ZdtbCa‚Ä¶"
-0.34,Tue Feb 13 08:40:01 +0000 2018,@BBC,0.118,0.882,0.0,87,üèÉüöí Nine firefighters who helped tackle the Grenfell Tower fire plan to run the @LondonMarathon in full kit. https://t.co/a6L7mO09BW
0.4767,Tue Feb 13 08:20:05 +0000 2018,@BBC,0.0,0.785,0.215,88,"'As a Facebook moderator, I had to be prepared to see anything.'

One woman shares her experience.
üëâ‚Ä¶ https://t.co/czc39HHQOA"
0.0,Tue Feb 13 08:00:09 +0000 2018,@BBC,0.0,1.0,0.0,89,"Eland - 1
Cheetahs - 0

#AnimalsWithCameras https://t.co/2N0rtBeJ4U"
0.0,Mon Feb 12 21:00:06 +0000 2018,@BBC,0.0,1.0,0.0,90,"üò¥How do you fall asleep? 

It might happen to us every night - and maybe sometimes more often - but it's still a de‚Ä¶ https://t.co/Ps8Zzx8m1A"
0.4019,Mon Feb 12 20:59:43 +0000 2018,@BBC,0.0,0.891,0.109,91,"RT @BBCNewsbeat: Drake ¬£36k, Louis Tomlinson ¬£7k, Chrissy Teigen ¬£4k...when celebs decide to splash the cash and help out fans in need. htt‚Ä¶"
0.0,Mon Feb 12 20:03:04 +0000 2018,@BBC,0.0,1.0,0.0,92,"Carey Mulligan stars as DI Kip Glaspie, a detective investigating the shooting of Abdullah Asif, a pizza delivery d‚Ä¶ https://t.co/CZkGSYktsB"
0.0772,Mon Feb 12 19:33:04 +0000 2018,@BBC,0.0,0.925,0.075,93,"Who is the real Julius Caesar? @wmarybeard is on a mission to challenge public perception.

#JuliusCaesarRevealed |‚Ä¶ https://t.co/weabRQQRTk"
-0.34,Mon Feb 12 19:00:03 +0000 2018,@BBC,0.375,0.625,0.0,94,üò¢Seals get stressed too. https://t.co/zEvIyl9F32
0.0,Mon Feb 12 18:00:11 +0000 2018,@BBC,0.0,1.0,0.0,95,"ü•ò #Vegan food is about so much more than lettuce leaves. 
Have a go at these 12 tasty recipes.
üëâ‚Ä¶ https://t.co/FXzxjh3POi"
-0.5994,Mon Feb 12 17:31:04 +0000 2018,@BBC,0.358,0.642,0.0,96,Meet the UK's youngest female war artist. https://t.co/tsv7vVwaOB
-0.1531,Mon Feb 12 17:00:09 +0000 2018,@BBC,0.151,0.849,0.0,97,"üòÇ Awkward teen photos ... we've all got 'em. 

#TheGNShow https://t.co/Xy9ucSo31i"
0.3818,Mon Feb 12 16:56:52 +0000 2018,@BBC,0.065,0.794,0.14,98,"RT @BBCBreakfast: Can you take on our BAFTA quiz?
@BBCNaga challenged this year's BAFTA film awards host, @JoannaLumley https://t.co/QBKwS8‚Ä¶"
0.1027,Mon Feb 12 16:52:39 +0000 2018,@BBC,0.0,0.938,0.062,99,"RT @BBCTwo: Tonight at 9pm, Carey Mulligan leads an all-star cast in @BBCTwo's brand new thriller, #Collateral.

Here's a sneak peek at DI‚Ä¶"
0.5106,Mon Feb 12 15:47:05 +0000 2018,@BBC,0.0,0.823,0.177,100,"RT @bbcstories: Remember Peggy, the 96-year-old who's been helping the homeless for more than 80 years?

Well now she's finally been awarde‚Ä¶"
0.8619,Wed Feb 14 19:23:27 +0000 2018,@CBS,0.0,0.534,0.466,101,RT @BullCBS: The verdict is in...#Bull is the perfect Valentine! ‚ù§Ô∏è Happy #ValentinesDay! https://t.co/poEejI4AnC
0.0,Tue Feb 13 20:03:56 +0000 2018,@CBS,0.0,1.0,0.0,102,"RT @NoActivityCBS: Car 27 reporting: Season 2 of #NoActivity coming soon!

Binge season one now on CBS All Access: https://t.co/yvxoQMeyhN‚Ä¶"
0.7506,Tue Feb 13 18:54:52 +0000 2018,@CBS,0.0,0.748,0.252,103,"RT @LivinBiblically: Against all odds (and the advice of his God Squad), Chip is determined to live life by the Good Book. Think you could‚Ä¶"
0.0,Mon Feb 12 18:49:45 +0000 2018,@CBS,0.0,1.0,0.0,104,RT @thegoodfight: Christine Baranski reflects upon the spectacular metamorphosis of her character in #TheGoodFight's first season. Revisit‚Ä¶
0.0,Mon Feb 12 01:32:33 +0000 2018,@CBS,0.0,1.0,0.0,105,RT @startrekcbs: Binge the entire first season of #StarTrekDiscovery. All 15 episodes now streaming on CBS All Access: https://t.co/lKLaptP‚Ä¶
0.8478,Fri Feb 09 00:50:01 +0000 2018,@CBS,0.0,0.696,0.304,106,RT @SuperiorDonuts: Looking for a #Valentine? Tush is here to help you land your dream date just in time for the day of love! #SuperiorDonu‚Ä¶
-0.5859,Thu Feb 08 16:09:35 +0000 2018,@CBS,0.186,0.814,0.0,107,RT @CBSBigBrother: The pressure is on as the Houseguests battle each other for victory in the first HOH competition. Stream the season prem‚Ä¶
0.0516,Wed Feb 07 18:35:19 +0000 2018,@CBS,0.0,0.934,0.066,108,"RT @startrekcbs: Sunday, this season's epic journey reaches its final reckoning. Catch up before the season finale: https://t.co/4Ea5wpmAep‚Ä¶"
0.5574,Wed Feb 07 16:17:48 +0000 2018,@CBS,0.152,0.536,0.312,109,"Are you a sucker for jaw-dropping talent competitions? Announcing The World's Best, a first-of-its-kind new global‚Ä¶ https://t.co/fagCMklm2Z"
0.0,Tue Feb 06 22:21:39 +0000 2018,@CBS,0.0,1.0,0.0,110,"RT @BullCBS: Tonight, one of these 3 TAC employees will end up incarcerated. Who do you think it will be? Tune into a new episode of #Bull‚Ä¶"
0.0772,Tue Feb 06 17:05:49 +0000 2018,@CBS,0.106,0.773,0.121,111,"RT @thegoodfight: There's no season like lawyer season. #TheGoodFight returns March 4, exclusively on CBS All Access. https://t.co/XAlrg1nB‚Ä¶"
0.0,Sun Feb 04 15:35:36 +0000 2018,@CBS,0.0,1.0,0.0,112,"RT @thegoodfight: The acclaimed series returns in 1 month. #TheGoodFight is back Sunday, March 4. https://t.co/5BNLTYRd8p https://t.co/yInP‚Ä¶"
0.1531,Sun Feb 04 12:00:01 +0000 2018,@CBS,0.0,0.882,0.118,113,".@KeshaRose's emotional performance with @CyndiLauper, @AndraDayMusic, @BebeRexha and @Camila_Cabello brought the a‚Ä¶ https://t.co/qpgS2e9ir0"
0.0,Sat Feb 03 23:11:43 +0000 2018,@CBS,0.0,1.0,0.0,114,Broadway legend Patti LuPone paid tribute to Sir Andrew Lloyd Webber with a show-stopping rendition of the iconic s‚Ä¶ https://t.co/GxqLtUzhFP
0.8268,Sat Feb 03 12:00:07 +0000 2018,@CBS,0.0,0.662,0.338,115,"Relive an entire night's worth of big wins, live performances and many more inspiring moments from The 60th Annual‚Ä¶ https://t.co/CH7mJ4Y3QT"
-0.0772,Fri Feb 02 22:36:13 +0000 2018,@CBS,0.075,0.925,0.0,116,RT @swatcbs: ‚ú®@TheTalkCBS' @TheRealEve and @ShemarMoore brought some serious heat to the GRAMMYs red carpet: https://t.co/WYTITKkLQd https:‚Ä¶
0.4019,Fri Feb 02 20:07:40 +0000 2018,@CBS,0.0,0.856,0.144,117,"The all-star collaboration between @Rihanna, @DJKhaled and @brysontiller brought the party to the #GRAMMYs with a s‚Ä¶ https://t.co/jTv5QbtgUp"
0.4003,Fri Feb 02 19:03:33 +0000 2018,@CBS,0.0,0.876,0.124,118,RT @TheTalkCBS: All the #redcarpet looks from the 60th annual #GRAMMYs! Did you catch @TheRealEve's sparkly two-piece suit? Diamond accents‚Ä¶
0.6114,Fri Feb 02 17:23:18 +0000 2018,@CBS,0.0,0.834,0.166,119,Go backstage with the celebs and see which stars celebrated the big night together! Here are the moments you missed‚Ä¶ https://t.co/rgQTXRQyLg
0.0,Thu Feb 01 22:04:41 +0000 2018,@CBS,0.0,1.0,0.0,120,üé∂ @DearEvanHansen star Ben Platt gave a soaring performance of a classic Broadway hit. Watch him perform 'Somewhere‚Ä¶ https://t.co/HcuizFWo02
0.8619,Wed Feb 14 19:23:27 +0000 2018,@CBS,0.0,0.534,0.466,121,RT @BullCBS: The verdict is in...#Bull is the perfect Valentine! ‚ù§Ô∏è Happy #ValentinesDay! https://t.co/poEejI4AnC
0.0,Tue Feb 13 20:03:56 +0000 2018,@CBS,0.0,1.0,0.0,122,"RT @NoActivityCBS: Car 27 reporting: Season 2 of #NoActivity coming soon!

Binge season one now on CBS All Access: https://t.co/yvxoQMeyhN‚Ä¶"
0.7506,Tue Feb 13 18:54:52 +0000 2018,@CBS,0.0,0.748,0.252,123,"RT @LivinBiblically: Against all odds (and the advice of his God Squad), Chip is determined to live life by the Good Book. Think you could‚Ä¶"
0.0,Mon Feb 12 18:49:45 +0000 2018,@CBS,0.0,1.0,0.0,124,RT @thegoodfight: Christine Baranski reflects upon the spectacular metamorphosis of her character in #TheGoodFight's first season. Revisit‚Ä¶
0.0,Mon Feb 12 01:32:33 +0000 2018,@CBS,0.0,1.0,0.0,125,RT @startrekcbs: Binge the entire first season of #StarTrekDiscovery. All 15 episodes now streaming on CBS All Access: https://t.co/lKLaptP‚Ä¶
0.8478,Fri Feb 09 00:50:01 +0000 2018,@CBS,0.0,0.696,0.304,126,RT @SuperiorDonuts: Looking for a #Valentine? Tush is here to help you land your dream date just in time for the day of love! #SuperiorDonu‚Ä¶
-0.5859,Thu Feb 08 16:09:35 +0000 2018,@CBS,0.186,0.814,0.0,127,RT @CBSBigBrother: The pressure is on as the Houseguests battle each other for victory in the first HOH competition. Stream the season prem‚Ä¶
0.0516,Wed Feb 07 18:35:19 +0000 2018,@CBS,0.0,0.934,0.066,128,"RT @startrekcbs: Sunday, this season's epic journey reaches its final reckoning. Catch up before the season finale: https://t.co/4Ea5wpmAep‚Ä¶"
0.5574,Wed Feb 07 16:17:48 +0000 2018,@CBS,0.152,0.536,0.312,129,"Are you a sucker for jaw-dropping talent competitions? Announcing The World's Best, a first-of-its-kind new global‚Ä¶ https://t.co/fagCMklm2Z"
0.0,Tue Feb 06 22:21:39 +0000 2018,@CBS,0.0,1.0,0.0,130,"RT @BullCBS: Tonight, one of these 3 TAC employees will end up incarcerated. Who do you think it will be? Tune into a new episode of #Bull‚Ä¶"
0.0772,Tue Feb 06 17:05:49 +0000 2018,@CBS,0.106,0.773,0.121,131,"RT @thegoodfight: There's no season like lawyer season. #TheGoodFight returns March 4, exclusively on CBS All Access. https://t.co/XAlrg1nB‚Ä¶"
0.0,Sun Feb 04 15:35:36 +0000 2018,@CBS,0.0,1.0,0.0,132,"RT @thegoodfight: The acclaimed series returns in 1 month. #TheGoodFight is back Sunday, March 4. https://t.co/5BNLTYRd8p https://t.co/yInP‚Ä¶"
0.1531,Sun Feb 04 12:00:01 +0000 2018,@CBS,0.0,0.882,0.118,133,".@KeshaRose's emotional performance with @CyndiLauper, @AndraDayMusic, @BebeRexha and @Camila_Cabello brought the a‚Ä¶ https://t.co/qpgS2e9ir0"
0.0,Sat Feb 03 23:11:43 +0000 2018,@CBS,0.0,1.0,0.0,134,Broadway legend Patti LuPone paid tribute to Sir Andrew Lloyd Webber with a show-stopping rendition of the iconic s‚Ä¶ https://t.co/GxqLtUzhFP
0.8268,Sat Feb 03 12:00:07 +0000 2018,@CBS,0.0,0.662,0.338,135,"Relive an entire night's worth of big wins, live performances and many more inspiring moments from The 60th Annual‚Ä¶ https://t.co/CH7mJ4Y3QT"
-0.0772,Fri Feb 02 22:36:13 +0000 2018,@CBS,0.075,0.925,0.0,136,RT @swatcbs: ‚ú®@TheTalkCBS' @TheRealEve and @ShemarMoore brought some serious heat to the GRAMMYs red carpet: https://t.co/WYTITKkLQd https:‚Ä¶
0.4019,Fri Feb 02 20:07:40 +0000 2018,@CBS,0.0,0.856,0.144,137,"The all-star collaboration between @Rihanna, @DJKhaled and @brysontiller brought the party to the #GRAMMYs with a s‚Ä¶ https://t.co/jTv5QbtgUp"
0.4003,Fri Feb 02 19:03:33 +0000 2018,@CBS,0.0,0.876,0.124,138,RT @TheTalkCBS: All the #redcarpet looks from the 60th annual #GRAMMYs! Did you catch @TheRealEve's sparkly two-piece suit? Diamond accents‚Ä¶
0.6114,Fri Feb 02 17:23:18 +0000 2018,@CBS,0.0,0.834,0.166,139,Go backstage with the celebs and see which stars celebrated the big night together! Here are the moments you missed‚Ä¶ https://t.co/rgQTXRQyLg
0.0,Thu Feb 01 22:04:41 +0000 2018,@CBS,0.0,1.0,0.0,140,üé∂ @DearEvanHansen star Ben Platt gave a soaring performance of a classic Broadway hit. Watch him perform 'Somewhere‚Ä¶ https://t.co/HcuizFWo02
0.0,Thu Feb 01 20:09:49 +0000 2018,@CBS,0.0,1.0,0.0,141,"üé∏ @LittleBigTown, @U2, @BrunoMars and @Pink are just a few of the superstar performers that lit up the stage at The‚Ä¶ https://t.co/2v0MNYMItG"
0.1139,Wed Jan 31 21:42:15 +0000 2018,@CBS,0.0,0.912,0.088,142,"Don't miss country stars Emmylou Harris and @ChrisStapleton perform a moving rendition of @TomPetty's classic song,‚Ä¶ https://t.co/GxoIW97XIu"
0.1007,Wed Jan 31 17:05:47 +0000 2018,@CBS,0.115,0.75,0.135,143,RT @survivorcbs: Get excited! üôå It‚Äôs finally time to meet the castaways of #Survivor: Ghost Island ‚ò† https://t.co/xQQ8ROhKbM https://t.co/P‚Ä¶
0.4588,Wed Jan 31 16:37:17 +0000 2018,@CBS,0.0,0.812,0.188,144,"Country stars @EricChurch, @BrothersOsborne and @MarenMorris performed a touching tribute dedicated to the victims‚Ä¶ https://t.co/YCIq9i70fd"
0.1779,Wed Jan 31 06:55:30 +0000 2018,@CBS,0.095,0.779,0.126,145,Missed the Man vs. Beast #SuperBowlCommercials showdown? Catch up now to find out which entertaining ad was named t‚Ä¶ https://t.co/SlyO0n7yMX
-0.2263,Wed Jan 31 02:15:16 +0000 2018,@CBS,0.252,0.569,0.179,146,"RT @rikimae: Ok, that one makes me cry #superbowlcommercials"
-0.4767,Wed Jan 31 01:58:40 +0000 2018,@CBS,0.256,0.744,0.0,147,"If this doesn‚Äôt make you cry, nothing will. #SuperBowlCommercials https://t.co/UjFf3xr4so"
0.4939,Wed Jan 31 01:52:46 +0000 2018,@CBS,0.119,0.625,0.256,148,"RT @maverickkr: #superbowlcommercials the frogs were great, I'd forgotten about that one."
0.5093,Wed Jan 31 01:49:43 +0000 2018,@CBS,0.0,0.81,0.19,149,"If you haven't voted yet, it's not too late! Choose your favorite here: https://t.co/s4pEIF5IX8‚Ä¶ https://t.co/VCa1YHDyYy"
0.8261,Wed Jan 31 01:31:27 +0000 2018,@CBS,0.0,0.566,0.434,150,RT @5691e44f3b66446: I am having so much fun ...the commercials are awesome #superbowlcommercials
0.8309,Wed Jan 31 01:29:10 +0000 2018,@CBS,0.0,0.586,0.414,151,RT @LittleShelbyMae: Love watching the #superbowlcommercials all the animal ones are my favorite!!
0.6588,Wed Jan 31 01:24:16 +0000 2018,@CBS,0.0,0.614,0.386,152,RT @PatHale915: Doritos time machine was great!   #superbowlcommercials
-0.5106,Wed Jan 31 01:18:37 +0000 2018,@CBS,0.398,0.602,0.0,153,Never make a goat angry. #SuperBowlCommercials https://t.co/xRJssdAErk
0.0,Wed Jan 31 01:17:37 +0000 2018,@CBS,0.0,1.0,0.0,154,RT @MsLindsieStarr: That dang goat! #Doritos #superbowlcommercials
0.7525,Wed Jan 31 01:16:15 +0000 2018,@CBS,0.0,0.651,0.349,155,Do you remember this Super Bowl commercial featuring @KevinHart4real playing an overprotective father?‚Ä¶ https://t.co/ejLnTEG5ug
0.0,Wed Jan 31 01:08:01 +0000 2018,@CBS,0.0,1.0,0.0,156,RT @dRoy: Homework will take a break for now. #superbowlcommercials on cbs is on üëå
0.8516,Wed Jan 31 01:04:34 +0000 2018,@CBS,0.0,0.42,0.58,157,RT @Mixxxalv: Watching #superbowlcommercials let the best win!
0.8442,Wed Jan 31 01:00:35 +0000 2018,@CBS,0.0,0.649,0.351,158,Super Bowl Greatest Commercials 2018 hosts @7BOOMERESIASON and @DanielaRuah are moments away from announcing the tw‚Ä¶ https://t.co/cKM1WXPc9u
0.923,Wed Jan 31 00:55:04 +0000 2018,@CBS,0.0,0.594,0.406,159,It's Man vs. Beast as these classic Super Bowl spots face off tonight on Super Bowl Greatest Commercials 2018! Tune‚Ä¶ https://t.co/GcoSAcfeUd
0.5994,Wed Jan 31 00:37:20 +0000 2018,@CBS,0.0,0.794,0.206,160,"Tonight, get a first look at #ChrisElliott starring in the new @AvosfromMexico Super Bowl Commercial on‚Ä¶ https://t.co/WMEjsZfgdg"
0.8834,Wed Jan 31 00:11:53 +0000 2018,@CBS,0.0,0.593,0.407,161,"Join @NCISLA's @DanielaRuah and @7BOOMERESIASON on Super Bowl Greatest Commercials 2018, tonight at 8/7c on CBS and‚Ä¶ https://t.co/nzVu1FCRc5"
0.8553,Tue Jan 30 23:35:01 +0000 2018,@CBS,0.0,0.724,0.276,162,Everyone knows the best part of the Super Bowl is the commercials! Find out how to tune in and vote for your favori‚Ä¶ https://t.co/KGDYl9oF98
0.8553,Tue Jan 30 21:19:22 +0000 2018,@CBS,0.0,0.694,0.306,163,Throw it back to this classic Michael Jordan vs. Larry Bird spot tonight on Super Bowl Greatest Commercials 2018! W‚Ä¶ https://t.co/g2H4zV7wIN
0.9215,Tue Jan 30 18:46:04 +0000 2018,@CBS,0.0,0.609,0.391,164,"Super Bowl Greatest Commercials 2018 airs tonight! Cast your vote now, then tune in and vote for the winner live at‚Ä¶ https://t.co/h4jGpUheP5"
0.0,Tue Jan 30 16:00:02 +0000 2018,@CBS,0.0,1.0,0.0,165,Remember when @robinthicke and Lil Wayne (@liltunechi) joined jazz legends on stage at the 51st #GRAMMYs? Watch thi‚Ä¶ https://t.co/2l8gBdOrli
0.5994,Tue Jan 30 04:03:31 +0000 2018,@CBS,0.0,0.813,0.187,166,"Tomorrow, catch a sneak peek of the incredible @TiffanyHaddish in her first Super Bowl Commercial for @Groupon on‚Ä¶ https://t.co/RlehujNvFN"
0.6908,Tue Jan 30 03:17:51 +0000 2018,@CBS,0.0,0.711,0.289,167,Rapper @Logic301 delivered a poignant message of hope to conclude his powerful performance with @alessiacara and‚Ä¶ https://t.co/elSqZExRtN
0.0,Tue Jan 30 02:12:15 +0000 2018,@CBS,0.0,1.0,0.0,168,Even our host @JKCorden was starstruck when Broadway icon Patti LuPone performed at The #GRAMMYs! https://t.co/YJhNBllFh6
-0.296,Tue Jan 30 01:29:06 +0000 2018,@CBS,0.115,0.885,0.0,169,Childish Gambino serenaded the crowd with his smooth vocals in this mesmerizing performance. Watch him perform 'Ter‚Ä¶ https://t.co/TkWZP7PS22
0.0,Tue Jan 30 00:11:05 +0000 2018,@CBS,0.0,1.0,0.0,170,.@OfficialSting and @shaggy757 joined together to bring their upbeat reggae vibes to Madison Square Garden. Watch t‚Ä¶ https://t.co/iqq0DbM1IR
0.3818,Mon Jan 29 22:45:21 +0000 2018,@CBS,0.0,0.885,0.115,171,Superstar @Pink left it all on the stage last night in a simply stunning performance that brought the crowd to thei‚Ä¶ https://t.co/B9Tj5INcNu
0.5093,Mon Jan 29 22:10:15 +0000 2018,@CBS,0.079,0.758,0.162,172,Check out these photos of the night's best backstage moments you didn't see on TV! Here's what you missed at The 60‚Ä¶ https://t.co/6TBI8NV8JJ
0.0,Mon Jan 29 20:00:04 +0000 2018,@CBS,0.0,1.0,0.0,173,The dapper duo of @itstonybennett and @johnlegend brought down the #GRAMMYs house with an impromptu duet.‚Ä¶ https://t.co/ucRrAFk59f
0.7783,Mon Jan 29 19:00:05 +0000 2018,@CBS,0.0,0.714,0.286,174,üé∂@BrunoMars worked his 24K Magic to become the night's biggest winner. See his #GRAMMYs acceptance speech for Album‚Ä¶ https://t.co/dXzjWH0myx
0.9259,Mon Jan 29 18:00:02 +0000 2018,@CBS,0.0,0.558,0.442,175,When your win at The #GRAMMYs feels like 24K Magic! Congratulations to @BrunoMars for taking home six awards this y‚Ä¶ https://t.co/UhWCE8OKfK
0.0,Mon Jan 29 17:15:04 +0000 2018,@CBS,0.0,1.0,0.0,176,‚ú®@LadyGaga's stripped-down performance soared on the #GRAMMYs stage. See all the night's performances here:‚Ä¶ https://t.co/Dw6xSzeeGC
0.5106,Mon Jan 29 16:00:05 +0000 2018,@CBS,0.0,0.837,0.163,177,"Relive epic GRAMMY rock performances from @Metallica, @beck, @coldplay and more on @AppleMusic. Start your free tri‚Ä¶ https://t.co/xmkaZGjlMM"
0.1531,Mon Jan 29 15:00:03 +0000 2018,@CBS,0.0,0.914,0.086,178,"The #GRAMMYs were full of emotional performances, stirring speeches, and jaw-dropping fashion. See all the red carp‚Ä¶ https://t.co/yqpOW9tWm3"
0.3182,Mon Jan 29 14:00:02 +0000 2018,@CBS,0.123,0.741,0.136,179,Watch @BrunoMars and @iamcardib pull out all the stops at the #GRAMMYs for their fun and funky duet of 'Finesse.'‚Ä¶ https://t.co/z1ZTosotw9
0.6597,Mon Jan 29 13:00:01 +0000 2018,@CBS,0.0,0.707,0.293,180,"With his powerful single 'Pray,"" @samsmithworld captivated the #GRAMMYs crowd. Watch the full performance:‚Ä¶ https://t.co/159qGVFyxW"
0.0,Mon Jan 29 12:00:03 +0000 2018,@CBS,0.0,1.0,0.0,181,Music's biggest stars came together for a night of celebration and song at the The 60th Annual #GRAMMYs! Stream the‚Ä¶ https://t.co/flFIflTQ5s
0.0,Mon Jan 29 08:18:18 +0000 2018,@CBS,0.0,1.0,0.0,182,The stage was packed with star power from start to finish on Music's Biggest Night¬Æ! Catch up on all the live perfo‚Ä¶ https://t.co/Mzqp82FiUS
0.5719,Mon Jan 29 07:40:26 +0000 2018,@CBS,0.0,0.73,0.27,183,See who won big on Music's Biggest Night¬ÆÔ∏è: https://t.co/yyb8bwMqEx #GRAMMYs https://t.co/OgV3UcK3jw
0.3612,Mon Jan 29 07:25:04 +0000 2018,@CBS,0.0,0.878,0.122,184,Get ready to sing along as @eltonofficial and @MileyCyrus deliver an unforgettable rendition of the iconic song 'Ti‚Ä¶ https://t.co/upVo9SZUCh
0.7506,Mon Jan 29 07:01:01 +0000 2018,@CBS,0.0,0.686,0.314,185,"See @littlebigtown belt out a heartfelt version of their hit song 'Better Man,' written by @taylorswift13:‚Ä¶ https://t.co/mQJZ4lIOtZ"
0.5719,Mon Jan 29 06:15:02 +0000 2018,@CBS,0.0,0.734,0.266,186,See @U2's intense #GRAMMYs performance in front of the majestic Statue of Liberty: https://t.co/Y1ZhzDYPdt https://t.co/SOf9kpMHOq
0.0,Mon Jan 29 05:34:44 +0000 2018,@CBS,0.0,1.0,0.0,187,"Relive @LuisFonsi, @daddy_yankee, and @zuleyka_rivera's electric performance of 'Despacito' that lit up the‚Ä¶ https://t.co/9m1mytX9VW"
0.0,Mon Jan 29 04:19:55 +0000 2018,@CBS,0.0,1.0,0.0,188,We caught up with @imjmichaels on the #GRAMMYs red carpet and learned all about how @IBM is using Watson and AI to‚Ä¶ https://t.co/sJpn44xPnV
0.8779,Mon Jan 29 04:12:46 +0000 2018,@CBS,0.0,0.641,0.359,189,"It was real y'all. Congratulations to everyone who won and all who were nominated. Finally, thank you to everyone w‚Ä¶ https://t.co/jqBkGTtEyM"
0.7959,Mon Jan 29 04:10:47 +0000 2018,@CBS,0.0,0.706,0.294,190,Drippin' in finesse üôå @BrunoMars wins Album Of The Year at The #GRAMMYs! See all of the winners here:‚Ä¶ https://t.co/BK4bF9ggSI
0.5859,Mon Jan 29 03:58:49 +0000 2018,@CBS,0.0,0.513,0.487,191,That. Performance. Wow. #GRAMMYs https://t.co/rDg37rzQvn
0.6696,Mon Jan 29 03:55:24 +0000 2018,@CBS,0.0,0.848,0.152,192,"RT @CBSNews: ""My father, if you are watching this dad, I love you. Look at me, pop, look at me, I'm at the #Grammys right now!"" @BrunoMars‚Ä¶"
-0.34,Mon Jan 29 03:55:20 +0000 2018,@CBS,0.112,0.888,0.0,193,"RT @CBSNews: .@HillaryClinton makes an appearance at #Grammys during a reading of ""Fire and Fury."" The book details President Trump's first‚Ä¶"
0.0572,Mon Jan 29 03:53:06 +0000 2018,@CBS,0.062,0.864,0.073,194,You don't want to miss a moment of The #GRAMMYs. Watch now on CBS and CBS All Access: https://t.co/rtZ7sSGFOC https://t.co/oVvgF0CNLr
0.6114,Mon Jan 29 03:50:25 +0000 2018,@CBS,0.0,0.688,0.312,195,"RT @TheSaraNoH: Thank you @RecordingAcad for helping to keep music in schools! 

#GRAMMYs"
0.5994,Mon Jan 29 03:49:19 +0000 2018,@CBS,0.0,0.606,0.394,196,RT @pawprintedzoe: Music is a beautiful thing #Grammys
0.4588,Mon Jan 29 03:46:27 +0000 2018,@CBS,0.0,0.727,0.273,197,What was your favorite #GRAMMY moment from tonight? https://t.co/x3q4ZhltV9
0.8118,Mon Jan 29 03:45:43 +0000 2018,@CBS,0.0,0.749,0.251,198,24K Magic is in the air at the 60th Annual #GRAMMYs! @BrunoMars wins Record Of The Year! See all of the winners her‚Ä¶ https://t.co/jGaqsvQt7W
0.6696,Mon Jan 29 03:37:35 +0000 2018,@CBS,0.0,0.522,0.478,199,RT @CBSTweet: Cute family alert! @pink üíï #GRAMMYs https://t.co/isveVC8aoJ
0.0,Mon Jan 29 03:37:27 +0000 2018,@CBS,0.0,1.0,0.0,200,"Slay all day, @sza! #GRAMMYs https://t.co/h1oCVMZE55"
-0.6705,Thu Feb 15 04:21:37 +0000 2018,@CNN,0.2,0.8,0.0,201,"At least 17 people were killed in a shooting at Marjory Stoneman Douglas High School in Parkland, Florida, authorit‚Ä¶ https://t.co/zFf1Bl6bBf"
-0.7184,Thu Feb 15 03:57:28 +0000 2018,@CNN,0.316,0.684,0.0,202,"US personnel suffered ""symptoms resembling brain injury"" in Cuba, according to a new study https://t.co/BXUZe8MVe3 https://t.co/99hZZQNsNy"
0.0,Thu Feb 15 03:49:12 +0000 2018,@CNN,0.0,1.0,0.0,203,"""Some of my classmates did not know if they were leaving the school alive.""

Two students who attend Marjory Stonem‚Ä¶ https://t.co/zVurhwdUXo"
-0.4939,Thu Feb 15 03:38:32 +0000 2018,@CNN,0.138,0.862,0.0,204,"CNN's Don Lemon on the shooting at a high school in Florida: ""This is a sickness that has infected this country. ..‚Ä¶ https://t.co/J7PhrTiloU"
0.0,Thu Feb 15 03:33:00 +0000 2018,@CNN,0.0,1.0,0.0,205,"RT @CNNTonight: .@DonLemon says the facts don't tell the full story about the Florida school shooting: ""This is a sickness that has infecte‚Ä¶"
0.0,Thu Feb 15 03:13:13 +0000 2018,@CNN,0.0,1.0,0.0,206,"Mitt Romney delays his scheduled announcement about the Utah Senate race, citing the school shooting in Parkland, F‚Ä¶ https://t.co/mbHX0qXCHo"
-0.3182,Thu Feb 15 03:10:22 +0000 2018,@CNN,0.156,0.754,0.09,207,A Stoneman Douglas High School student says thinking of family is important during dangerous situations. She recent‚Ä¶ https://t.co/vCuVuR7ZZg
0.0,Thu Feb 15 03:04:17 +0000 2018,@CNN,0.0,1.0,0.0,208,"""They weren't partisan. They weren't shot because of how they feel about the Second Amendment or who they voted for‚Ä¶ https://t.co/KhgyZ4zRtP"
0.0,Thu Feb 15 03:01:18 +0000 2018,@CNN,0.0,1.0,0.0,209,"RT @AC360: Officials are examining the Florida school shooting suspect's digital profile, which contained what Broward County Sheriff descr‚Ä¶"
0.0,Thu Feb 15 02:57:51 +0000 2018,@CNN,0.0,1.0,0.0,210,"Marjory Stoneman Douglas High School teacher Melissa Falkowski recounts fitting 19 students, plus herself, in a cla‚Ä¶ https://t.co/0rLcavM8wC"
-0.6597,Thu Feb 15 02:45:37 +0000 2018,@CNN,0.196,0.804,0.0,211,"RT @AC360: Florida Gov. Rick Scott called the school shooting ""pure evil"" and ordered flags at half-staff https://t.co/HhPmB4OuN0 https://t‚Ä¶"
-0.3182,Thu Feb 15 02:35:05 +0000 2018,@CNN,0.108,0.892,0.0,212,"Florida Gov. Rick Scott said he will visit shooting victims at the hospital tonight.

""This is just absolutely pure‚Ä¶ https://t.co/0e0fkARnAA"
-0.296,Thu Feb 15 02:33:05 +0000 2018,@CNN,0.109,0.891,0.0,213,"Robert Runcie, superintendent for Broward County Public Schools: ""No parent should ever have to send their kids to‚Ä¶ https://t.co/NmGk6MPQZ9"
-0.6249,Thu Feb 15 02:29:06 +0000 2018,@CNN,0.17,0.83,0.0,214,"""We are tremendously heartbroken... This is a day we have seen the worst of humanity. Tomorrow is going to bring ou‚Ä¶ https://t.co/8krUbDnaBM"
-0.4767,Thu Feb 15 02:14:59 +0000 2018,@CNN,0.129,0.871,0.0,215,"""The frustration is that we did everything that we were supposed to do. ... and still, to have so many causalities.‚Ä¶ https://t.co/844ZQKUBuw"
0.0,Thu Feb 15 01:53:56 +0000 2018,@CNN,0.0,1.0,0.0,216,"""I said, 'Who are you?' He said, 'The police.' And I said, 'Prove it' and he showed me their badge."" - High school‚Ä¶ https://t.co/IzXVSYoMtV"
-0.7983,Thu Feb 15 01:51:24 +0000 2018,@CNN,0.284,0.716,0.0,217,"""I'm absolutely losing it tonight. ... I'm so sick of this, I can not tell you"" --Juliette Kayyem, former Assistant‚Ä¶ https://t.co/KaAD7AgrkI"
-0.8126,Thu Feb 15 01:50:27 +0000 2018,@CNN,0.343,0.588,0.069,218,"""A child of God is dead"": Former CIA and FBI official Phil Mudd choked back tears as he confronted the grim details‚Ä¶ https://t.co/ZOC5JjDKzc"
-0.5574,Thu Feb 15 01:36:20 +0000 2018,@CNN,0.159,0.841,0.0,219,"More than 100 White House officials, including Ivanka Trump, Jared Kushner and Rob Porter, did not have full securi‚Ä¶ https://t.co/Wo0qEwCkb0"
0.6369,Thu Feb 15 01:08:47 +0000 2018,@CNN,0.0,0.811,0.189,220,"Rep. Jim Himes, whose home state endured Sandy Hook, says there will be a ""perfectly predictable"" response to Flori‚Ä¶ https://t.co/h2scVIN4TI"
-0.6705,Thu Feb 15 04:21:37 +0000 2018,@CNN,0.2,0.8,0.0,221,"At least 17 people were killed in a shooting at Marjory Stoneman Douglas High School in Parkland, Florida, authorit‚Ä¶ https://t.co/zFf1Bl6bBf"
-0.7184,Thu Feb 15 03:57:28 +0000 2018,@CNN,0.316,0.684,0.0,222,"US personnel suffered ""symptoms resembling brain injury"" in Cuba, according to a new study https://t.co/BXUZe8MVe3 https://t.co/99hZZQNsNy"
0.0,Thu Feb 15 03:49:12 +0000 2018,@CNN,0.0,1.0,0.0,223,"""Some of my classmates did not know if they were leaving the school alive.""

Two students who attend Marjory Stonem‚Ä¶ https://t.co/zVurhwdUXo"
-0.4939,Thu Feb 15 03:38:32 +0000 2018,@CNN,0.138,0.862,0.0,224,"CNN's Don Lemon on the shooting at a high school in Florida: ""This is a sickness that has infected this country. ..‚Ä¶ https://t.co/J7PhrTiloU"
0.0,Thu Feb 15 03:33:00 +0000 2018,@CNN,0.0,1.0,0.0,225,"RT @CNNTonight: .@DonLemon says the facts don't tell the full story about the Florida school shooting: ""This is a sickness that has infecte‚Ä¶"
0.0,Thu Feb 15 03:13:13 +0000 2018,@CNN,0.0,1.0,0.0,226,"Mitt Romney delays his scheduled announcement about the Utah Senate race, citing the school shooting in Parkland, F‚Ä¶ https://t.co/mbHX0qXCHo"
-0.3182,Thu Feb 15 03:10:22 +0000 2018,@CNN,0.156,0.754,0.09,227,A Stoneman Douglas High School student says thinking of family is important during dangerous situations. She recent‚Ä¶ https://t.co/vCuVuR7ZZg
0.0,Thu Feb 15 03:04:17 +0000 2018,@CNN,0.0,1.0,0.0,228,"""They weren't partisan. They weren't shot because of how they feel about the Second Amendment or who they voted for‚Ä¶ https://t.co/KhgyZ4zRtP"
0.0,Thu Feb 15 03:01:18 +0000 2018,@CNN,0.0,1.0,0.0,229,"RT @AC360: Officials are examining the Florida school shooting suspect's digital profile, which contained what Broward County Sheriff descr‚Ä¶"
0.0,Thu Feb 15 02:57:51 +0000 2018,@CNN,0.0,1.0,0.0,230,"Marjory Stoneman Douglas High School teacher Melissa Falkowski recounts fitting 19 students, plus herself, in a cla‚Ä¶ https://t.co/0rLcavM8wC"
-0.6597,Thu Feb 15 02:45:37 +0000 2018,@CNN,0.196,0.804,0.0,231,"RT @AC360: Florida Gov. Rick Scott called the school shooting ""pure evil"" and ordered flags at half-staff https://t.co/HhPmB4OuN0 https://t‚Ä¶"
-0.3182,Thu Feb 15 02:35:05 +0000 2018,@CNN,0.108,0.892,0.0,232,"Florida Gov. Rick Scott said he will visit shooting victims at the hospital tonight.

""This is just absolutely pure‚Ä¶ https://t.co/0e0fkARnAA"
-0.296,Thu Feb 15 02:33:05 +0000 2018,@CNN,0.109,0.891,0.0,233,"Robert Runcie, superintendent for Broward County Public Schools: ""No parent should ever have to send their kids to‚Ä¶ https://t.co/NmGk6MPQZ9"
-0.6249,Thu Feb 15 02:29:06 +0000 2018,@CNN,0.17,0.83,0.0,234,"""We are tremendously heartbroken... This is a day we have seen the worst of humanity. Tomorrow is going to bring ou‚Ä¶ https://t.co/8krUbDnaBM"
-0.4767,Thu Feb 15 02:14:59 +0000 2018,@CNN,0.129,0.871,0.0,235,"""The frustration is that we did everything that we were supposed to do. ... and still, to have so many causalities.‚Ä¶ https://t.co/844ZQKUBuw"
0.0,Thu Feb 15 01:53:56 +0000 2018,@CNN,0.0,1.0,0.0,236,"""I said, 'Who are you?' He said, 'The police.' And I said, 'Prove it' and he showed me their badge."" - High school‚Ä¶ https://t.co/IzXVSYoMtV"
-0.7983,Thu Feb 15 01:51:24 +0000 2018,@CNN,0.284,0.716,0.0,237,"""I'm absolutely losing it tonight. ... I'm so sick of this, I can not tell you"" --Juliette Kayyem, former Assistant‚Ä¶ https://t.co/KaAD7AgrkI"
-0.8126,Thu Feb 15 01:50:27 +0000 2018,@CNN,0.343,0.588,0.069,238,"""A child of God is dead"": Former CIA and FBI official Phil Mudd choked back tears as he confronted the grim details‚Ä¶ https://t.co/ZOC5JjDKzc"
-0.5574,Thu Feb 15 01:36:20 +0000 2018,@CNN,0.159,0.841,0.0,239,"More than 100 White House officials, including Ivanka Trump, Jared Kushner and Rob Porter, did not have full securi‚Ä¶ https://t.co/Wo0qEwCkb0"
0.6369,Thu Feb 15 01:08:47 +0000 2018,@CNN,0.0,0.811,0.189,240,"Rep. Jim Himes, whose home state endured Sandy Hook, says there will be a ""perfectly predictable"" response to Flori‚Ä¶ https://t.co/h2scVIN4TI"
-0.6705,Thu Feb 15 00:56:02 +0000 2018,@CNN,0.255,0.745,0.0,241,The day was almost over and students were puzzled because the fire alarm was going off a second time. Then the guns‚Ä¶ https://t.co/2VHzROShnw
0.0,Thu Feb 15 00:43:57 +0000 2018,@CNN,0.0,1.0,0.0,242,"The shooting at a high school in Parkland, Florida, is now among the 10 deadliest mass shootings in modern US histo‚Ä¶ https://t.co/W4XBvEQZcJ"
-0.658,Thu Feb 15 00:27:19 +0000 2018,@CNN,0.219,0.71,0.071,243,"""A child of God is dead. Can not we acknowledge in this country that we cannot accept this?"" Former CIA and FBI off‚Ä¶ https://t.co/11hLkWB8S7"
-0.4939,Thu Feb 15 00:17:11 +0000 2018,@CNN,0.198,0.802,0.0,244,"The suspect in a shooting at a high school in Florida had been expelled for disciplinary reasons, Broward County sh‚Ä¶ https://t.co/1PF1GXavEw"
0.2484,Wed Feb 14 23:58:30 +0000 2018,@CNN,0.098,0.759,0.143,245,"""I really hope this isn‚Äôt real."" A student describes her thoughts during the confusion after the shooting at Stonem‚Ä¶ https://t.co/KlGxk5SAv0"
-0.6705,Wed Feb 14 23:49:06 +0000 2018,@CNN,0.22,0.78,0.0,246,"At least 17 people were killed in the shooting at a Florida high school, sheriff says https://t.co/C3wj70KH8t https://t.co/xnAKvADEI1"
0.5106,Wed Feb 14 23:45:07 +0000 2018,@CNN,0.0,0.845,0.155,247,Broward County Schools Superintendent Robert Runcie was honoring his Teacher of the Year with a brand new car just‚Ä¶ https://t.co/IKoKB2xQ6g
0.0,Wed Feb 14 23:36:53 +0000 2018,@CNN,0.0,1.0,0.0,248,"Here's what we know so far about the shooting at a high school in Parkland, Florida. Latest updates:‚Ä¶ https://t.co/Qk6cPtPBCf"
-0.6705,Wed Feb 14 23:12:56 +0000 2018,@CNN,0.184,0.816,0.0,249,"JUST IN: At least 16 people were killed in the shooting at a Florida high school, law enforcement sources say. Poli‚Ä¶ https://t.co/2TFE6BZY9N"
-0.658,Wed Feb 14 23:04:20 +0000 2018,@CNN,0.244,0.677,0.079,250,"""A child of God is dead. Can not we acknowledge in this country that we cannot accept this?"" Counterterrorism analy‚Ä¶ https://t.co/b1H3EQneyq"
0.0,Wed Feb 14 22:47:14 +0000 2018,@CNN,0.0,1.0,0.0,251,Rep. Jim Himes says the response to the Florida mass shooting will be ‚Äúperfectly predictable‚Äù: ‚ÄúThere will be a mom‚Ä¶ https://t.co/cgFUY2jY0u
0.0,Wed Feb 14 22:41:09 +0000 2018,@CNN,0.0,1.0,0.0,252,"Sen. Chris Murphy says Congress bears responsibility for what he calls an ""epidemic of mass slaughter, this scourge‚Ä¶ https://t.co/mIwhsPNz6M"
0.0,Wed Feb 14 22:21:51 +0000 2018,@CNN,0.0,1.0,0.0,253,"Here's what we know so far about the shooting at a high school in Parkland, Florida. Latest updates:‚Ä¶ https://t.co/wpikfWoPXS"
0.3182,Wed Feb 14 22:12:08 +0000 2018,@CNN,0.0,0.892,0.108,254,"""We are responsible for a level of mass atrocity that happens in this country with zero parallel anywhere else."" Se‚Ä¶ https://t.co/13d7sHVrc7"
0.4019,Wed Feb 14 22:11:10 +0000 2018,@CNN,0.0,0.863,0.137,255,"Last year, Parkland was voted Florida's safest city. Today, a deadly school shooting occurred at a local high schoo‚Ä¶ https://t.co/QKNF0Q1Sgs"
-0.296,Wed Feb 14 21:55:36 +0000 2018,@CNN,0.121,0.879,0.0,256,"President Trump offers his prayers and condolences after a school shooting in Parkland, Florida: ""No child, teacher‚Ä¶ https://t.co/FxtwQOspxp"
0.4215,Wed Feb 14 21:47:43 +0000 2018,@CNN,0.0,0.882,0.118,257,"It's only February, and there have already been at least four shootings at middle and high schools in the United St‚Ä¶ https://t.co/HWW1i9ShsY"
0.3182,Wed Feb 14 21:39:39 +0000 2018,@CNN,0.0,0.901,0.099,258,"""It's a day that you pray, every day I get up, that we will never have to see."" Broward County Public Schools Super‚Ä¶ https://t.co/cADrVM5EDO"
0.0,Wed Feb 14 21:22:54 +0000 2018,@CNN,0.0,1.0,0.0,259,"JUST IN: The shooter who was at large in the wake of the incident at a Florida high school is now in custody, the B‚Ä¶ https://t.co/00VK1GmZMw"
0.0,Wed Feb 14 21:12:51 +0000 2018,@CNN,0.0,1.0,0.0,260,"Lissette Rozenblet's daughter attends Stoneman Douglas High School in Parkland, Florida, site of the school shootin‚Ä¶ https://t.co/NafUlODBOY"
-0.2263,Wed Feb 14 21:06:45 +0000 2018,@CNN,0.147,0.853,0.0,261,BREAKING: Jacob Zuma is resigning as President of South Africa https://t.co/IG7ggkHOi3 https://t.co/yrtQoOHN6d
0.0,Wed Feb 14 21:02:30 +0000 2018,@CNN,0.0,1.0,0.0,262,"President Trump has been briefed on the school shooting in Florida, tweeting: ""My prayers and condolences to the fa‚Ä¶ https://t.co/WnvWzXbdhU"
0.0,Wed Feb 14 21:00:53 +0000 2018,@CNN,0.0,1.0,0.0,263,"Lissette Rozenblat, whose daughter attends Stoneman Douglas High School, said her daughter texted her when the scho‚Ä¶ https://t.co/9MMBDRoyAn"
0.0,Wed Feb 14 20:53:37 +0000 2018,@CNN,0.0,1.0,0.0,264,"Here's what we know about a shooting unfolding at a high school in Parkland, Florida.
- There are reports of victim‚Ä¶ https://t.co/H9pfSxizTn"
-0.7717,Wed Feb 14 20:44:02 +0000 2018,@CNN,0.271,0.729,0.0,265,"Rep. Frederica Wilson: ""My thoughts and prayers are with the victims of the horrific shooting taking place at Marjo‚Ä¶ https://t.co/0xynQL8UG4"
0.0,Wed Feb 14 20:27:36 +0000 2018,@CNN,0.0,1.0,0.0,266,"Authorities say they are responding to a shooting at a high school in Broward County, Florida. Follow latest update‚Ä¶ https://t.co/7GukYyFzFV"
0.0,Wed Feb 14 20:21:44 +0000 2018,@CNN,0.0,1.0,0.0,267,"A high school in South Florida is on lockdown after a shooting was reported there. The shooter is at large, authori‚Ä¶ https://t.co/4dF2caYjYd"
0.0,Wed Feb 14 20:05:42 +0000 2018,@CNN,0.0,1.0,0.0,268,"BREAKING: Authorities are responding to reports of a shooting at a high school in Parkland, Florida. This is a deve‚Ä¶ https://t.co/KpnlNTwLpW"
-0.5574,Wed Feb 14 19:57:27 +0000 2018,@CNN,0.175,0.825,0.0,269,"JUST IN: Morgan Tsvangirai, Zimbabwe's longtime opposition leader and former Prime Minister, has died in a South Af‚Ä¶ https://t.co/3dhdpPXJqK"
0.4019,Wed Feb 14 19:56:04 +0000 2018,@CNN,0.072,0.718,0.21,270,"Treasury Secretary Steven Mnuchin says the Trump administration is ""actively working"" on imposing sanctions on Russ‚Ä¶ https://t.co/9ZbyaeaQqV"
-0.1779,Wed Feb 14 19:50:45 +0000 2018,@CNN,0.2,0.634,0.166,271,"President Trump: ""I'm totally opposed to domestic violence of any kind. Everyone knows that.""‚Ä¶ https://t.co/0U5IZA0ZZP"
0.0,Wed Feb 14 19:49:04 +0000 2018,@CNN,0.0,1.0,0.0,272,A new law would made all adults in the Netherlands organ donors ‚Äî unless they opt out of the system‚Ä¶ https://t.co/2sqlSRNObZ
-0.2584,Wed Feb 14 19:46:35 +0000 2018,@CNN,0.107,0.893,0.0,273,A White House staffer is leaving after he learned that he wouldn't receive a permanent security clearance after he‚Ä¶ https://t.co/mKXtJPFokW
0.3182,Wed Feb 14 19:42:51 +0000 2018,@CNN,0.103,0.741,0.156,274,A Powerball winner is fighting the New Hampshire Lottery's rule that she has to identify herself in order to collec‚Ä¶ https://t.co/baA1ce5TjJ
0.4404,Wed Feb 14 19:26:15 +0000 2018,@CNN,0.0,0.868,0.132,275,Prices for all goods rose 2.1% last month compared with a year earlier. But that's actually good news for you.‚Ä¶ https://t.co/iit6v09BVU
-0.872,Wed Feb 14 19:19:40 +0000 2018,@CNN,0.355,0.645,0.0,276,"What about food stamp fraud?

- Roughly 1.3 cents for every dollar is lost to fraud, according to a 2013 US Departm‚Ä¶ https://t.co/7VglUrOwsW"
0.0,Wed Feb 14 19:19:40 +0000 2018,@CNN,0.0,1.0,0.0,277,"Are food stamp recipients required to work?

- The program requires most able-bodied childless adults to work, and‚Ä¶ https://t.co/PZLbtowg3M"
0.0,Wed Feb 14 19:19:39 +0000 2018,@CNN,0.0,1.0,0.0,278,"How much do food stamps cost the federal government?

 - Just over $68 billion was spent on SNAP last year https://t.co/idexXdJw76"
0.0,Wed Feb 14 19:19:38 +0000 2018,@CNN,0.0,1.0,0.0,279,"What can‚Äôt food stamp recipients buy?

Alcohol
Cigarettes
Hot food
Pet food
Soap
Paper products
Household supplies‚Ä¶ https://t.co/f6eORatQyp"
0.4588,Wed Feb 14 19:19:38 +0000 2018,@CNN,0.0,0.824,0.176,280,"What‚Äôs the average monthly benefit?

- A family of three gets about $376 a month, on average https://t.co/idexXdJw76"
0.0,Wed Feb 14 19:19:37 +0000 2018,@CNN,0.0,1.0,0.0,281,"Who gets food stamps?

44% - children
12% - senior citizens older than 60
57% are female, 43% are male
36% are non-‚Ä¶ https://t.co/U5Hj4X7sg1"
0.0,Wed Feb 14 19:19:36 +0000 2018,@CNN,0.0,1.0,0.0,282,"How many people receive food stamps?

More than 42.2 million Americans participated in the food stamp program last‚Ä¶ https://t.co/ugXaB06vK0"
-0.7506,Wed Feb 14 19:19:35 +0000 2018,@CNN,0.274,0.726,0.0,283,"Who‚Äôs eligible?

Households must meet:

-Gross monthly income must be below 130% of poverty line

-Net income must‚Ä¶ https://t.co/X8T6UpYsMZ"
0.128,Wed Feb 14 19:19:34 +0000 2018,@CNN,0.104,0.769,0.127,284,President Trump wants to radically overhaul a critical safety net program that covers more than 42 million people ‚Äî‚Ä¶ https://t.co/xMAs9H4LZw
0.3612,Wed Feb 14 18:57:58 +0000 2018,@CNN,0.0,0.894,0.106,285,"Home Depot and Lowe's are getting ready to hire about 133,000 workers between them as they prepare for the busy spr‚Ä¶ https://t.co/fVr0GhUZI8"
0.0,Wed Feb 14 18:43:46 +0000 2018,@CNN,0.0,1.0,0.0,286,"President Trump's personal lawyer said Tuesday that he paid $130,000 of his own money to a porn star who allegedly‚Ä¶ https://t.co/78HJubpDsz"
0.4767,Wed Feb 14 18:28:07 +0000 2018,@CNN,0.0,0.693,0.307,287,"Chloe Kim's halfpipe triumph, in photos https://t.co/rVTIaK3pEL https://t.co/69FXeXokKj"
-0.4215,Wed Feb 14 18:08:14 +0000 2018,@CNN,0.189,0.811,0.0,288,People are defecting from the GOP. But not to the Democrats https://t.co/xzJhEMoWhd https://t.co/OvfSjWXdlK
0.0,Wed Feb 14 17:53:50 +0000 2018,@CNN,0.0,1.0,0.0,289,"Despite a rough hurricane season, the Caribbean is humming with new hotels and resorts. Here are 14 to check out‚Ä¶ https://t.co/RqquAEbFnm"
0.0,Wed Feb 14 17:40:06 +0000 2018,@CNN,0.0,1.0,0.0,290,Baltimore's streak of 11 days without a homicide just ended https://t.co/Nor8fPeyVb https://t.co/LPyenmqDnf
-0.1779,Wed Feb 14 17:32:46 +0000 2018,@CNN,0.086,0.914,0.0,291,White House chief of staff John Kelly is under fire but Trump stands by him ‚Äî for now https://t.co/h5QB9bCDnn https://t.co/xRHxcacIaj
0.8445,Wed Feb 14 17:22:17 +0000 2018,@CNN,0.0,0.606,0.394,292,"Sex and finances are better for married people. But don't worry, singles ‚Äî you win sleep https://t.co/omyeZSn3fM‚Ä¶ https://t.co/PEMhjXV8GR"
-0.4019,Wed Feb 14 17:00:11 +0000 2018,@CNN,0.162,0.838,0.0,293,Where you should put your money if you think the market will crash https://t.co/QTdaqNnWDP https://t.co/T3fQkOlDeC
0.4576,Wed Feb 14 16:50:05 +0000 2018,@CNN,0.0,0.8,0.2,294,Michael Cohen is Donald Trump's very special counsel | Analysis by @zbyronwolf¬†https://t.co/GWaPktZwIC https://t.co/4nlAnM0e6o
0.0,Wed Feb 14 16:40:12 +0000 2018,@CNN,0.0,1.0,0.0,295,"A potential military parade requested by President Trump could cost between $10 million and $30 million, budget dir‚Ä¶ https://t.co/FYFbiknfAp"
0.4019,Wed Feb 14 16:30:19 +0000 2018,@CNN,0.0,0.87,0.13,296,"""Clearly we should all be condemning domestic violence,"" House Speaker Paul Ryan said when asked about President Tr‚Ä¶ https://t.co/YpREZg6b2Q"
0.0,Wed Feb 14 16:19:43 +0000 2018,@CNN,0.0,1.0,0.0,297,The Trump administration has proposed a border wall that would run right through the Santa Ana Wildlife Refuge in T‚Ä¶ https://t.co/rKdOA4sJLj
-0.7351,Wed Feb 14 16:00:29 +0000 2018,@CNN,0.36,0.64,0.0,298,The White House has repeatedly lied about Rob Porter. Here's a timeline: https://t.co/sQvClQSs0Q https://t.co/Hv2auBuysQ
-0.8316,Wed Feb 14 15:50:10 +0000 2018,@CNN,0.395,0.605,0.0,299,"A California teacher who called American troops ""the lowest of our low"" is refusing to resign from his post‚Ä¶ https://t.co/8IKEHtlDU1"
-0.5423,Wed Feb 14 15:38:53 +0000 2018,@CNN,0.171,0.829,0.0,300,"After Shaun White's historic Olympic victory, he was asked to address previous allegations of sexual harassment at‚Ä¶ https://t.co/dr706cHjPa"
0.1531,Thu Feb 15 04:15:03 +0000 2018,@FoxNews,0.092,0.789,0.118,301,".@FLGovScott: ""You really always have to appreciate law enforcement that are willing to put their lives at risk, no‚Ä¶ https://t.co/ll4tGmpDVK"
-0.8126,Thu Feb 15 04:05:12 +0000 2018,@FoxNews,0.483,0.517,0.0,302,Florida @AGPamBondi: My Office Will Pay for Funerals of Murdered Students https://t.co/XoWzx3wEED
-0.1531,Thu Feb 15 03:58:17 +0000 2018,@FoxNews,0.096,0.904,0.0,303,.@FLOTUS tweeted her condolences to all those affected by Wednesday's shooting at a Florida high school.‚Ä¶ https://t.co/P0ZLHPkikS
0.5086,Thu Feb 15 03:52:37 +0000 2018,@FoxNews,0.0,0.808,0.192,304,"Aaron Cohen: ""This is a security issue; it's not a weapon issue. That kid had parents. Where's the parents? Who rai‚Ä¶ https://t.co/05I4svPEyh"
0.5994,Thu Feb 15 03:37:18 +0000 2018,@FoxNews,0.0,0.795,0.205,305,"Mark Fuhrman: ""I think you need to make school security a specialty. You need to make it a specialty just like terr‚Ä¶ https://t.co/OQX7Q0eAI1"
0.0,Thu Feb 15 03:22:03 +0000 2018,@FoxNews,0.0,1.0,0.0,306,Florida high school football coach reportedly shot while shielding students from gunman https://t.co/fRJ9DdLKSv
-0.3818,Thu Feb 15 03:12:32 +0000 2018,@FoxNews,0.16,0.742,0.098,307,".@SheriffClarke: ""The worst thing you can do, I think, at a time like this in the early stages, you know, emotion t‚Ä¶ https://t.co/gXdTC5YJLk"
0.0,Thu Feb 15 03:09:56 +0000 2018,@FoxNews,0.0,1.0,0.0,308,Former Congresswoman @GabbyGiffords released a statement today in response to the mass shooting at a Florida high s‚Ä¶ https://t.co/rzTxyFJXa4
0.34,Thu Feb 15 03:02:51 +0000 2018,@FoxNews,0.0,0.821,0.179,309,".@GeraldoRivera: ""[Schools] should be at least as secure as airports."" #Hannity https://t.co/N1ZvpIxJUq"
-0.4341,Thu Feb 15 02:56:19 +0000 2018,@FoxNews,0.16,0.84,0.0,310,".@AGPamBondi: ""[@POTUS] was so worried about the families and the victims...He's a father, he's a grandfather, and‚Ä¶ https://t.co/KBlh7b0ovE"
-0.4215,Thu Feb 15 02:52:58 +0000 2018,@FoxNews,0.167,0.736,0.097,311,".@AGPamBondi: ""@POTUS called me tonight, and we talked at length. He is heartbroken. He is praying for all these fa‚Ä¶ https://t.co/cngkMlkrvz"
0.0,Thu Feb 15 02:46:36 +0000 2018,@FoxNews,0.0,1.0,0.0,312,Senator @marcorubio reacts to the deadly Florida school shooting. https://t.co/7Tb2oSpVy6 https://t.co/v3uWLilB3D
-0.6249,Thu Feb 15 02:43:52 +0000 2018,@FoxNews,0.212,0.788,0.0,313,".@AGPamBondi: ""Take every threat seriously, and report it to law enforcement. We would rather you do that and be wr‚Ä¶ https://t.co/Swa1hi94Sf"
0.0,Thu Feb 15 02:38:40 +0000 2018,@FoxNews,0.0,1.0,0.0,314,"Broward County Sheriff Scott Israel: ""If you see...something that's not right, you owe it to your family, you owe i‚Ä¶ https://t.co/XTwCptA0q2"
-0.6808,Thu Feb 15 02:32:23 +0000 2018,@FoxNews,0.321,0.586,0.093,315,".@AGPamBondi: ""We will pay for the funeral expenses of these poor victims and will do everything we can to help the‚Ä¶ https://t.co/AtG0pBA7rk"
-0.3182,Thu Feb 15 02:31:06 +0000 2018,@FoxNews,0.099,0.901,0.0,316,".@AGPamBondi: ""One of the victims called me on the way here, from the Nevada shooting, and said, 'I can't believe t‚Ä¶ https://t.co/ZarMxuNam6"
0.0,Thu Feb 15 02:25:11 +0000 2018,@FoxNews,0.0,1.0,0.0,317,".@FLGovScott: ""You come to the conclusion this is just absolutely pure evil."" https://t.co/rIv4wAWGtk https://t.co/fyY5fID0W9"
-0.6249,Thu Feb 15 02:20:41 +0000 2018,@FoxNews,0.186,0.814,0.0,318,"Broward County Superintendent Robert Runcie: ""This has been a day we've seen the worst in humanity, tomorrow is goi‚Ä¶ https://t.co/Z6y6vA86gv"
-0.7096,Thu Feb 15 02:17:59 +0000 2018,@FoxNews,0.247,0.753,0.0,319,"Jim Gard, former teacher of school shooting suspect: ""I hate to say it: nowadays, with all these school shootings,‚Ä¶ https://t.co/u0PZZVJxAZ"
-0.296,Thu Feb 15 02:14:55 +0000 2018,@FoxNews,0.104,0.896,0.0,320,"Broward County Superintendent Robert Runcie: ""No parent should ever have to send their kids to school and have them‚Ä¶ https://t.co/dSq6JQGgYy"
0.1531,Thu Feb 15 04:15:03 +0000 2018,@FoxNews,0.092,0.789,0.118,321,".@FLGovScott: ""You really always have to appreciate law enforcement that are willing to put their lives at risk, no‚Ä¶ https://t.co/ll4tGmpDVK"
-0.8126,Thu Feb 15 04:05:12 +0000 2018,@FoxNews,0.483,0.517,0.0,322,Florida @AGPamBondi: My Office Will Pay for Funerals of Murdered Students https://t.co/XoWzx3wEED
-0.1531,Thu Feb 15 03:58:17 +0000 2018,@FoxNews,0.096,0.904,0.0,323,.@FLOTUS tweeted her condolences to all those affected by Wednesday's shooting at a Florida high school.‚Ä¶ https://t.co/P0ZLHPkikS
0.5086,Thu Feb 15 03:52:37 +0000 2018,@FoxNews,0.0,0.808,0.192,324,"Aaron Cohen: ""This is a security issue; it's not a weapon issue. That kid had parents. Where's the parents? Who rai‚Ä¶ https://t.co/05I4svPEyh"
0.5994,Thu Feb 15 03:37:18 +0000 2018,@FoxNews,0.0,0.795,0.205,325,"Mark Fuhrman: ""I think you need to make school security a specialty. You need to make it a specialty just like terr‚Ä¶ https://t.co/OQX7Q0eAI1"
0.0,Thu Feb 15 03:22:03 +0000 2018,@FoxNews,0.0,1.0,0.0,326,Florida high school football coach reportedly shot while shielding students from gunman https://t.co/fRJ9DdLKSv
-0.3818,Thu Feb 15 03:12:32 +0000 2018,@FoxNews,0.16,0.742,0.098,327,".@SheriffClarke: ""The worst thing you can do, I think, at a time like this in the early stages, you know, emotion t‚Ä¶ https://t.co/gXdTC5YJLk"
0.0,Thu Feb 15 03:09:56 +0000 2018,@FoxNews,0.0,1.0,0.0,328,Former Congresswoman @GabbyGiffords released a statement today in response to the mass shooting at a Florida high s‚Ä¶ https://t.co/rzTxyFJXa4
0.34,Thu Feb 15 03:02:51 +0000 2018,@FoxNews,0.0,0.821,0.179,329,".@GeraldoRivera: ""[Schools] should be at least as secure as airports."" #Hannity https://t.co/N1ZvpIxJUq"
-0.4341,Thu Feb 15 02:56:19 +0000 2018,@FoxNews,0.16,0.84,0.0,330,".@AGPamBondi: ""[@POTUS] was so worried about the families and the victims...He's a father, he's a grandfather, and‚Ä¶ https://t.co/KBlh7b0ovE"
-0.4215,Thu Feb 15 02:52:58 +0000 2018,@FoxNews,0.167,0.736,0.097,331,".@AGPamBondi: ""@POTUS called me tonight, and we talked at length. He is heartbroken. He is praying for all these fa‚Ä¶ https://t.co/cngkMlkrvz"
0.0,Thu Feb 15 02:46:36 +0000 2018,@FoxNews,0.0,1.0,0.0,332,Senator @marcorubio reacts to the deadly Florida school shooting. https://t.co/7Tb2oSpVy6 https://t.co/v3uWLilB3D
-0.6249,Thu Feb 15 02:43:52 +0000 2018,@FoxNews,0.212,0.788,0.0,333,".@AGPamBondi: ""Take every threat seriously, and report it to law enforcement. We would rather you do that and be wr‚Ä¶ https://t.co/Swa1hi94Sf"
0.0,Thu Feb 15 02:38:40 +0000 2018,@FoxNews,0.0,1.0,0.0,334,"Broward County Sheriff Scott Israel: ""If you see...something that's not right, you owe it to your family, you owe i‚Ä¶ https://t.co/XTwCptA0q2"
-0.6808,Thu Feb 15 02:32:23 +0000 2018,@FoxNews,0.321,0.586,0.093,335,".@AGPamBondi: ""We will pay for the funeral expenses of these poor victims and will do everything we can to help the‚Ä¶ https://t.co/AtG0pBA7rk"
-0.3182,Thu Feb 15 02:31:06 +0000 2018,@FoxNews,0.099,0.901,0.0,336,".@AGPamBondi: ""One of the victims called me on the way here, from the Nevada shooting, and said, 'I can't believe t‚Ä¶ https://t.co/ZarMxuNam6"
0.0,Thu Feb 15 02:25:11 +0000 2018,@FoxNews,0.0,1.0,0.0,337,".@FLGovScott: ""You come to the conclusion this is just absolutely pure evil."" https://t.co/rIv4wAWGtk https://t.co/fyY5fID0W9"
-0.6249,Thu Feb 15 02:20:41 +0000 2018,@FoxNews,0.186,0.814,0.0,338,"Broward County Superintendent Robert Runcie: ""This has been a day we've seen the worst in humanity, tomorrow is goi‚Ä¶ https://t.co/Z6y6vA86gv"
-0.7096,Thu Feb 15 02:17:59 +0000 2018,@FoxNews,0.247,0.753,0.0,339,"Jim Gard, former teacher of school shooting suspect: ""I hate to say it: nowadays, with all these school shootings,‚Ä¶ https://t.co/u0PZZVJxAZ"
-0.296,Thu Feb 15 02:14:55 +0000 2018,@FoxNews,0.104,0.896,0.0,340,"Broward County Superintendent Robert Runcie: ""No parent should ever have to send their kids to school and have them‚Ä¶ https://t.co/dSq6JQGgYy"
-0.5563,Thu Feb 15 02:11:00 +0000 2018,@FoxNews,0.152,0.848,0.0,341,"Broward County Sheriff Scott Israel: ""I'm absolutely sick to my stomach to see children who go to school armed with‚Ä¶ https://t.co/m7cv0BJXaM"
-0.7783,Thu Feb 15 02:07:46 +0000 2018,@FoxNews,0.343,0.657,0.0,342,"Sheriff Scott Israel: 17 people killed in Florida school shooting, 12 victims identified https://t.co/rIv4wAWGtk https://t.co/gYwI8EHUW2"
-0.296,Thu Feb 15 01:53:56 +0000 2018,@FoxNews,0.099,0.901,0.0,343,"Student Rebecca Bogart describes hiding from FL high school shooter: ""We knew it was real when we saw the bullets,‚Ä¶ https://t.co/gfzcz5D09S"
0.3612,Thu Feb 15 01:42:35 +0000 2018,@FoxNews,0.0,0.884,0.116,344,".@BernardKerik on reporting students that are ""acting like a maniac"": ""A lot of parents are afraid to do that. A lo‚Ä¶ https://t.co/sLkHceUyFP"
0.3182,Thu Feb 15 01:11:29 +0000 2018,@FoxNews,0.0,0.909,0.091,345,"John Iannarelli: ""We have to be able to give law enforcement the tools to make sure that they can keep the public s‚Ä¶ https://t.co/dwhJHQaBxG"
0.0,Thu Feb 15 00:59:01 +0000 2018,@FoxNews,0.0,1.0,0.0,346,.@SpeakerRyan issued a statement on Wednesday's deadly Florida school shooting https://t.co/E23oJWPisR
-0.1779,Thu Feb 15 00:53:26 +0000 2018,@FoxNews,0.091,0.909,0.0,347,"Student James Harrison gives harrowing description of FL school shooting: ""I'm still shaking a little bit. My heart‚Ä¶ https://t.co/tNsRsDbWcr"
0.0,Thu Feb 15 00:47:01 +0000 2018,@FoxNews,0.0,1.0,0.0,348,"Student James Harrison gives harrowing description of FL school shooting: ""There were so many shots that I heard an‚Ä¶ https://t.co/HBn5zTwAH5"
-0.296,Thu Feb 15 00:39:33 +0000 2018,@FoxNews,0.121,0.879,0.0,349,"The Florida high school shooting suspect was identified as Nikolas Cruz, @browardsheriff Scott Israel confirmed dur‚Ä¶ https://t.co/5Q1ewjBz4c"
0.4767,Thu Feb 15 00:25:01 +0000 2018,@FoxNews,0.0,0.86,0.14,350,"Mayor Christine Hunschofsky on FL high school shooting: ""As you can imagine, parents being able to hug their childr‚Ä¶ https://t.co/bRec2f6RhK"
0.25,Thu Feb 15 00:15:26 +0000 2018,@FoxNews,0.09,0.779,0.131,351,"Medical official on treating suspect: ""Every patient that comes in gets treated as a patient and we take care of th‚Ä¶ https://t.co/zI9CvArF3x"
0.0,Thu Feb 15 00:12:42 +0000 2018,@FoxNews,0.0,1.0,0.0,352,"Medical official: ""Fortunately for everybody, we are located very close to the high school where this shooting happ‚Ä¶ https://t.co/VlRyfAVNvZ"
-0.3182,Thu Feb 15 00:03:08 +0000 2018,@FoxNews,0.113,0.887,0.0,353,"Broward Health North officials: ""Of our eight patients we had two moralities, three in critical condition and three‚Ä¶ https://t.co/k0176lOKWd"
-0.296,Thu Feb 15 00:00:52 +0000 2018,@FoxNews,0.121,0.879,0.0,354,"Medical officials on FL high school shooting: ""The suspect was treated and released in police custody.""‚Ä¶ https://t.co/knQriZDd9C"
0.0,Wed Feb 14 23:52:44 +0000 2018,@FoxNews,0.0,1.0,0.0,355,".@browardsheriff: ""If you see something, say something. If anybody has any indicator that someone's going through a‚Ä¶ https://t.co/rgyHeY6JLb"
-0.7717,Wed Feb 14 23:35:01 +0000 2018,@FoxNews,0.401,0.599,0.0,356,"BREAKING: At least 17 killed, suspect in custody, @browardsheriff says  https://t.co/rIv4wAWGtk https://t.co/GKlBWvJcHg"
0.0,Wed Feb 14 23:30:08 +0000 2018,@FoxNews,0.0,1.0,0.0,357,".@marcorubio on reaction to FL school shooting: ""People don't know how this happened: who this person is, what moti‚Ä¶ https://t.co/CdM2su6sWs"
0.0,Wed Feb 14 23:23:00 +0000 2018,@FoxNews,0.0,1.0,0.0,358,".@marcorubio on Florida school shooting: ""This is not the kind of thing that you expect when...your kids go away to‚Ä¶ https://t.co/f9GYl4Ss3h"
0.1779,Wed Feb 14 23:16:24 +0000 2018,@FoxNews,0.135,0.699,0.166,359,".@marcorubio on Florida school shooting: ""This is a terrible situation and it's amazing the amount of carnage that‚Ä¶ https://t.co/L8le4nCa4A"
0.3182,Wed Feb 14 23:12:23 +0000 2018,@FoxNews,0.0,0.867,0.133,360,".@marcorubio on Florida school shooting: ""A day you pray will never happen has happened."" https://t.co/vXAU7fCHMe https://t.co/QWsxgB4KfS"
-0.0572,Wed Feb 14 22:45:10 +0000 2018,@FoxNews,0.086,0.914,0.0,361,'I Didn't Want to Look at Anything': Students React to FL School Shooting https://t.co/mW01KHqNsy
0.0,Wed Feb 14 22:33:50 +0000 2018,@FoxNews,0.0,1.0,0.0,362,".@browardsheriff on Florida high school shooting: ""I have spoken to President #Trump and he's offered the full powe‚Ä¶ https://t.co/8w8lvYomu9"
0.0,Wed Feb 14 22:25:02 +0000 2018,@FoxNews,0.0,1.0,0.0,363,".@browardsheriff on Florida high school shooting: ""[Suspect] was taken into custody about an hour after...he commit‚Ä¶ https://t.co/rFFuu6jFgC"
-0.296,Wed Feb 14 22:13:30 +0000 2018,@FoxNews,0.136,0.864,0.0,364,"JUST IN: Florida high school shooting suspect is former student, ""multiple"" deaths, sheriff confirms. https://t.co/rVewl2l4vV"
0.0,Wed Feb 14 22:11:07 +0000 2018,@FoxNews,0.0,1.0,0.0,365,".@SenBillNelson on Florida high school shooting: ""Each time this happens...we say, 'Enough is enough,' and then it‚Ä¶ https://t.co/fM8nvr29SM"
0.0,Wed Feb 14 22:10:30 +0000 2018,@FoxNews,0.0,1.0,0.0,366,"Moments ago, @browardsheriff Scott Israel gave an update on the Florida school shooting that left at least 14 victi‚Ä¶ https://t.co/p9Vn0MPqNW"
-0.3182,Wed Feb 14 22:00:55 +0000 2018,@FoxNews,0.119,0.881,0.0,367,.@realDonaldTrump tweeted his prayers and condolences to the families of the victims of the Florida school shooting‚Ä¶ https://t.co/MS0Qq5aeZ9
0.7269,Wed Feb 14 22:00:01 +0000 2018,@FoxNews,0.0,0.757,0.243,368,"""I literally have come from giving the Teacher of the Year a car, and celebrating our teachers in our district, to‚Ä¶ https://t.co/CfDulLEWib"
0.3182,Wed Feb 14 21:47:31 +0000 2018,@FoxNews,0.0,0.892,0.108,369,"""It's a day that you pray, every day that I get up, that we will never have to see."" ‚Äî @browardschools Superintende‚Ä¶ https://t.co/K0AJb7rhZA"
-0.836,Wed Feb 14 21:43:03 +0000 2018,@FoxNews,0.397,0.603,0.0,370,".@browardschools Superintendent Robert Runcie: ""It's a horrific situation. It's just a horrible day for us.""‚Ä¶ https://t.co/BdfUVBHDjU"
-0.3182,Wed Feb 14 21:32:53 +0000 2018,@FoxNews,0.161,0.839,0.0,371,"'At least 14 victims' in Florida high school shooting, @browardsheriff says https://t.co/566dpg1YDk https://t.co/DDleboZFOQ"
-0.296,Wed Feb 14 21:19:25 +0000 2018,@FoxNews,0.167,0.833,0.0,372,"BREAKING: Parkland, Florida high school shooting suspect 'in custody,' sheriff says  https://t.co/566dpg1YDk"
0.0,Wed Feb 14 21:10:04 +0000 2018,@FoxNews,0.0,1.0,0.0,373,"Florida @SenBillNelson told Fox News ""there are many deaths"" in the high school shooting in Parkland.  https://t.co/566dpg1YDk"
-0.1531,Wed Feb 14 20:55:40 +0000 2018,@FoxNews,0.103,0.897,0.0,374,.@ShepNewsTeam reports that @realDonaldTrump tweeted his condolences for those affected by today's school shooting‚Ä¶ https://t.co/ty2G6Np9AG
-0.3182,Wed Feb 14 20:54:27 +0000 2018,@FoxNews,0.15,0.85,0.0,375,.@realDonaldTrump tweeted his prayers and condolences to victims of the Florida school shooting‚Ä¶ https://t.co/04ekPJPzsI
0.0,Wed Feb 14 20:52:12 +0000 2018,@FoxNews,0.0,1.0,0.0,376,Recent school shootings in the US https://t.co/7m5zeljfwo
0.0,Wed Feb 14 20:48:39 +0000 2018,@FoxNews,0.0,1.0,0.0,377,"Politicians, officials react to Florida school shooting https://t.co/ivKbV5R0OW"
-0.34,Wed Feb 14 20:40:42 +0000 2018,@FoxNews,0.112,0.888,0.0,378,"Student on school shooting: ""We all thought it was a fire drill because we had one previously today...but then when‚Ä¶ https://t.co/SbcgMmfo7r"
-0.4019,Wed Feb 14 20:32:29 +0000 2018,@FoxNews,0.13,0.87,0.0,379,".@ShepNewsTeam: ""The sheriff's office telling Fox News that 20-50 people have been injured"" in Parkland, FL high sc‚Ä¶ https://t.co/dmzJbjaYcx"
0.0,Wed Feb 14 20:24:43 +0000 2018,@FoxNews,0.0,1.0,0.0,380,".@ShepNewsTeam reports @browardsheriff says Parkland, FL school shooter is still at large.  https://t.co/566dpg1YDk https://t.co/xMFuWx5fNQ"
0.0,Wed Feb 14 20:14:16 +0000 2018,@FoxNews,0.0,1.0,0.0,381,"RT @FoxNewsResearch: Marjory Stoneman Douglas High School
‚Ä¢Parkland, FL
‚Ä¢Broward County
‚Ä¢About 15 miles NW from Fort Lauderdale
‚Ä¢3,208 chil‚Ä¶"
0.1027,Wed Feb 14 20:08:31 +0000 2018,@FoxNews,0.121,0.737,0.142,382,BREAKING: @browardsheriff responding to report of active shooter situation at Florida high school; victims reported https://t.co/0lvduE2WHd
-0.6249,Wed Feb 14 19:45:19 +0000 2018,@FoxNews,0.272,0.728,0.0,383,.@POTUS: ‚ÄúI am totally opposed to domestic violence of any kind.‚Äù https://t.co/Rclh3u2Bjg
0.0,Wed Feb 14 19:40:00 +0000 2018,@FoxNews,0.0,1.0,0.0,384,A penguin carries heart-shaped nesting material which it received from biologists as a #ValentinesDay promotion at‚Ä¶ https://t.co/YAOnT0eOsc
0.0,Wed Feb 14 19:37:31 +0000 2018,@FoxNews,0.0,1.0,0.0,385,Finnish snowboarding coach knits mid-Olympics (via @JaninePuhak) https://t.co/rft72YN7Fs
-0.0258,Wed Feb 14 19:32:52 +0000 2018,@FoxNews,0.118,0.769,0.113,386,"Ash Wednesday and Valentine‚Äôs Day share the same date this year, and the Twitterverse is confused https://t.co/l8lDXL0uok"
0.0,Wed Feb 14 19:30:04 +0000 2018,@FoxNews,0.0,1.0,0.0,387,".@POTUS: ‚ÄúAfter spending trillions of dollars overseas rebuilding other countries, it is time to rebuild our own co‚Ä¶ https://t.co/dtWxlh5wGa"
0.0,Wed Feb 14 19:17:50 +0000 2018,@FoxNews,0.0,1.0,0.0,388,".@AlvedaCKing on @foxandfriends: ‚ÄúWe need to stand up for all Americans, including African Americans.‚Äù https://t.co/wIij2BKYyt"
0.3612,Wed Feb 14 19:12:13 +0000 2018,@FoxNews,0.0,0.829,0.171,389,"The spirit of Team USA is reaching the tiniest Americans in #Pennsylvania, with staff at UPMC Magee-Womens Hospital‚Ä¶ https://t.co/PhcujHWlhA"
0.0,Wed Feb 14 19:00:00 +0000 2018,@FoxNews,0.0,1.0,0.0,390,George Washington's hair discovered in 18th-century book at New York college (via @travfed)  https://t.co/QyzovLc7S6
-0.7351,Wed Feb 14 18:39:53 +0000 2018,@FoxNews,0.383,0.617,0.0,391,"The White House 'Lied': Tarlov, Hegseth Battle on Rob Porter Timeline https://t.co/8DaYLpz0WN"
0.3612,Wed Feb 14 18:30:02 +0000 2018,@FoxNews,0.116,0.688,0.196,392,FBI offers $10G reward in case of missing 4-year-old South Carolina girl (via @luciasuarezsang)  https://t.co/kcHjZFhYwR
0.7579,Wed Feb 14 18:29:25 +0000 2018,@FoxNews,0.1,0.52,0.379,393,".@RepGaramendi: ‚ÄúAnytime that problems are solved with a good legislative solution, it is good for all of us, both‚Ä¶ https://t.co/EY2sxUSRVo"
0.0,Wed Feb 14 18:26:05 +0000 2018,@FoxNews,0.0,1.0,0.0,394,".@RepGaramendi on immigration: ‚ÄúThe president has flip-flopped on this issue a couple of times, he now seems to hav‚Ä¶ https://t.co/OUZ18AEDq3"
-0.34,Wed Feb 14 18:19:44 +0000 2018,@FoxNews,0.156,0.844,0.0,395,Warren accuses Trump of 'disrespect' to Native Americans for 'Pocahontas' nickname (via @AlexPappas)  https://t.co/7KyZPYq1Ez
0.0,Wed Feb 14 18:11:34 +0000 2018,@FoxNews,0.0,1.0,0.0,396,".@VP: ‚ÄúJohn Kelly‚Äôs service in uniform, his distinguished service at our Department of Homeland Security‚Ä¶ and his d‚Ä¶ https://t.co/UF5DGMJJpL"
-0.7003,Wed Feb 14 18:01:09 +0000 2018,@FoxNews,0.309,0.691,0.0,397,Jared Fogle compares case to Larry Nassar's crimes as argument for early prison release https://t.co/E1478o3XtE
-0.4939,Wed Feb 14 17:51:25 +0000 2018,@FoxNews,0.167,0.833,0.0,398,WATCH: Passengers onboard a @United‚Äã plane traveling from California to Hawaii got a major scare after noticing the‚Ä¶ https://t.co/sGUJT2jPCf
-0.296,Wed Feb 14 17:50:00 +0000 2018,@FoxNews,0.225,0.625,0.15,399,Gowdy says House panel probing Rob Porter's security clearance (via @AdamShawNY)  https://t.co/XDnqTMALE1
-0.296,Wed Feb 14 17:35:00 +0000 2018,@FoxNews,0.155,0.845,0.0,400,"Amtrak train hits trailer with construction equipment in Louisiana, no injuries reported https://t.co/VTdRal6LTk"
-0.8402,Thu Feb 15 04:17:06 +0000 2018,@nytimes,0.267,0.733,0.0,401,RT @NYTNational: Students huddled in horror in their classrooms during a shooting in Florida that left at least 17 dead. ‚ÄúI was trying to k‚Ä¶
0.0,Thu Feb 15 04:08:04 +0000 2018,@nytimes,0.0,1.0,0.0,402,Live updates from the Pyeongchang Olympics https://t.co/wtfK7Cs68x
0.6369,Thu Feb 15 04:02:06 +0000 2018,@nytimes,0.104,0.634,0.261,403,The triple twist separates good pairs figure skating teams from the great ones. @archietse would know. He broke his‚Ä¶ https://t.co/RlqpMO6BvV
0.0,Thu Feb 15 03:47:00 +0000 2018,@nytimes,0.0,1.0,0.0,404,"However arduous Reince Priebus's tenure looked from the outside, he said it was even more so on the inside. ‚ÄúTake e‚Ä¶ https://t.co/gFWSknVjRU"
-0.296,Thu Feb 15 03:30:10 +0000 2018,@nytimes,0.099,0.901,0.0,405,"""He always had guns on him,"" a former classmate said. Here's what else we know about the 19-year-old suspect in the‚Ä¶ https://t.co/FbRdTgeyme"
0.6486,Thu Feb 15 03:26:38 +0000 2018,@nytimes,0.079,0.686,0.235,406,"No Alpine skier, man or woman, has ever won more than 3 gold medals in one Olympics. Mikaela Shiffrin is hoping to‚Ä¶ https://t.co/ZcD2xOaYvH"
-0.2584,Thu Feb 15 03:17:07 +0000 2018,@nytimes,0.081,0.919,0.0,407,"""Who among us does not play with the idea that the headlights in the rearview mirror are tailing us, or spot the pe‚Ä¶ https://t.co/pbmt8Xk4lF"
0.0,Thu Feb 15 03:10:04 +0000 2018,@nytimes,0.0,1.0,0.0,408,RT @dougmillsnyt: USA's Mikaela Shiffrin @MikaelaShiffrin passes a gate during the Ladies' Giant Slalom at the Yongpyong Alpine Center in P‚Ä¶
0.0,Thu Feb 15 03:01:07 +0000 2018,@nytimes,0.0,1.0,0.0,409,Things have come full circle for former professional skier Bode Miller https://t.co/hhGx0Y3lbE
0.0,Thu Feb 15 02:48:05 +0000 2018,@nytimes,0.0,1.0,0.0,410,RT @matthewhaag: Nikolas Cruz‚Äôs mother used to call 911 to get the police come out and try to talk sense into her son. https://t.co/E8FZ9id‚Ä¶
0.0,Thu Feb 15 02:37:04 +0000 2018,@nytimes,0.0,1.0,0.0,411,Evening Briefing: Here's what you need to know at the end of the day https://t.co/HyKADSeEFJ
0.1901,Thu Feb 15 02:22:02 +0000 2018,@nytimes,0.0,0.774,0.226,412,"Skeleton is like luge ‚Äì but headfirst
https://t.co/HwyPf0PtJa"
-0.8271,Thu Feb 15 02:17:01 +0000 2018,@nytimes,0.314,0.686,0.0,413,"RT @NYTNational: The man suspected of opening fire inside a Florida high school on Wednesday, killing at least 17 people, was a former stud‚Ä¶"
0.7783,Thu Feb 15 02:01:07 +0000 2018,@nytimes,0.0,0.688,0.312,414,Here's how Mikaela Shiffrin won the gold medal in the slalom at the 2014 Sochi Olympics https://t.co/8CAMas4LyQ
-0.6705,Thu Feb 15 01:47:03 +0000 2018,@nytimes,0.17,0.83,0.0,415,"RT @nytopinion: Today 17 people were killed in a shooting at a high school in Parkland, Florida. Last year the survivors and family of thos‚Ä¶"
-0.4767,Thu Feb 15 01:33:08 +0000 2018,@nytimes,0.186,0.814,0.0,416,Shaun White: ‚ÄúI regret my behavior of many years ago and am sorry that I made anyone ‚Äî particularly someone I consi‚Ä¶ https://t.co/wtKp6cbX5V
-0.6705,Thu Feb 15 01:22:02 +0000 2018,@nytimes,0.191,0.809,0.0,417,"RT @NYTNational: At least 17 people were killed in a shooting on Wednesday afternoon at a high school in Parkland, Fla. https://t.co/DSN7rP‚Ä¶"
0.0,Thu Feb 15 01:16:23 +0000 2018,@nytimes,0.0,1.0,0.0,418,"RT @nytgraphics: Watch our little skiers, including Mikaela Shiffrin, in the women's giant slalom event as live results come in https://t.c‚Ä¶"
0.0,Thu Feb 15 01:09:49 +0000 2018,@nytimes,0.0,1.0,0.0,419,"After several weather delays, Mikaela Shiffrin is finally beginning her quest for multiple Olympic gold medals in t‚Ä¶ https://t.co/cdWyFh2ZMf"
0.5719,Thu Feb 15 01:03:03 +0000 2018,@nytimes,0.0,0.778,0.222,420,‚ÄúYou have to be in the moment‚Äù: How Olympic ice dancers visualize success https://t.co/iQ6TgR7r1M
-0.8402,Thu Feb 15 04:17:06 +0000 2018,@nytimes,0.267,0.733,0.0,421,RT @NYTNational: Students huddled in horror in their classrooms during a shooting in Florida that left at least 17 dead. ‚ÄúI was trying to k‚Ä¶
0.0,Thu Feb 15 04:08:04 +0000 2018,@nytimes,0.0,1.0,0.0,422,Live updates from the Pyeongchang Olympics https://t.co/wtfK7Cs68x
0.6369,Thu Feb 15 04:02:06 +0000 2018,@nytimes,0.104,0.634,0.261,423,The triple twist separates good pairs figure skating teams from the great ones. @archietse would know. He broke his‚Ä¶ https://t.co/RlqpMO6BvV
0.0,Thu Feb 15 03:47:00 +0000 2018,@nytimes,0.0,1.0,0.0,424,"However arduous Reince Priebus's tenure looked from the outside, he said it was even more so on the inside. ‚ÄúTake e‚Ä¶ https://t.co/gFWSknVjRU"
-0.296,Thu Feb 15 03:30:10 +0000 2018,@nytimes,0.099,0.901,0.0,425,"""He always had guns on him,"" a former classmate said. Here's what else we know about the 19-year-old suspect in the‚Ä¶ https://t.co/FbRdTgeyme"
0.6486,Thu Feb 15 03:26:38 +0000 2018,@nytimes,0.079,0.686,0.235,426,"No Alpine skier, man or woman, has ever won more than 3 gold medals in one Olympics. Mikaela Shiffrin is hoping to‚Ä¶ https://t.co/ZcD2xOaYvH"
-0.2584,Thu Feb 15 03:17:07 +0000 2018,@nytimes,0.081,0.919,0.0,427,"""Who among us does not play with the idea that the headlights in the rearview mirror are tailing us, or spot the pe‚Ä¶ https://t.co/pbmt8Xk4lF"
0.0,Thu Feb 15 03:10:04 +0000 2018,@nytimes,0.0,1.0,0.0,428,RT @dougmillsnyt: USA's Mikaela Shiffrin @MikaelaShiffrin passes a gate during the Ladies' Giant Slalom at the Yongpyong Alpine Center in P‚Ä¶
0.0,Thu Feb 15 03:01:07 +0000 2018,@nytimes,0.0,1.0,0.0,429,Things have come full circle for former professional skier Bode Miller https://t.co/hhGx0Y3lbE
0.0,Thu Feb 15 02:48:05 +0000 2018,@nytimes,0.0,1.0,0.0,430,RT @matthewhaag: Nikolas Cruz‚Äôs mother used to call 911 to get the police come out and try to talk sense into her son. https://t.co/E8FZ9id‚Ä¶
0.0,Thu Feb 15 02:37:04 +0000 2018,@nytimes,0.0,1.0,0.0,431,Evening Briefing: Here's what you need to know at the end of the day https://t.co/HyKADSeEFJ
0.1901,Thu Feb 15 02:22:02 +0000 2018,@nytimes,0.0,0.774,0.226,432,"Skeleton is like luge ‚Äì but headfirst
https://t.co/HwyPf0PtJa"
-0.8271,Thu Feb 15 02:17:01 +0000 2018,@nytimes,0.314,0.686,0.0,433,"RT @NYTNational: The man suspected of opening fire inside a Florida high school on Wednesday, killing at least 17 people, was a former stud‚Ä¶"
0.7783,Thu Feb 15 02:01:07 +0000 2018,@nytimes,0.0,0.688,0.312,434,Here's how Mikaela Shiffrin won the gold medal in the slalom at the 2014 Sochi Olympics https://t.co/8CAMas4LyQ
-0.6705,Thu Feb 15 01:47:03 +0000 2018,@nytimes,0.17,0.83,0.0,435,"RT @nytopinion: Today 17 people were killed in a shooting at a high school in Parkland, Florida. Last year the survivors and family of thos‚Ä¶"
-0.4767,Thu Feb 15 01:33:08 +0000 2018,@nytimes,0.186,0.814,0.0,436,Shaun White: ‚ÄúI regret my behavior of many years ago and am sorry that I made anyone ‚Äî particularly someone I consi‚Ä¶ https://t.co/wtKp6cbX5V
-0.6705,Thu Feb 15 01:22:02 +0000 2018,@nytimes,0.191,0.809,0.0,437,"RT @NYTNational: At least 17 people were killed in a shooting on Wednesday afternoon at a high school in Parkland, Fla. https://t.co/DSN7rP‚Ä¶"
0.0,Thu Feb 15 01:16:23 +0000 2018,@nytimes,0.0,1.0,0.0,438,"RT @nytgraphics: Watch our little skiers, including Mikaela Shiffrin, in the women's giant slalom event as live results come in https://t.c‚Ä¶"
0.0,Thu Feb 15 01:09:49 +0000 2018,@nytimes,0.0,1.0,0.0,439,"After several weather delays, Mikaela Shiffrin is finally beginning her quest for multiple Olympic gold medals in t‚Ä¶ https://t.co/cdWyFh2ZMf"
0.5719,Thu Feb 15 01:03:03 +0000 2018,@nytimes,0.0,0.778,0.222,440,‚ÄúYou have to be in the moment‚Äù: How Olympic ice dancers visualize success https://t.co/iQ6TgR7r1M
0.0,Thu Feb 15 00:47:02 +0000 2018,@nytimes,0.0,1.0,0.0,441,RT @charlie_savage: What do we know -- &amp; what do we still need to know -- to make sense of the legal/ethical implications of Trump lawyer M‚Ä¶
0.4019,Thu Feb 15 00:30:12 +0000 2018,@nytimes,0.0,0.847,0.153,442,Review: Chris Rock's new Netflix special is more searching and confessional than his previous work https://t.co/e050WzY5P4
0.0772,Thu Feb 15 00:18:03 +0000 2018,@nytimes,0.0,0.944,0.056,443,"RT @Max_Fisher: ""The only variable that can explain the high rate of mass shootings in America is its astronomical number of guns.‚Äù https:/‚Ä¶"
-0.4939,Thu Feb 15 00:03:04 +0000 2018,@nytimes,0.187,0.746,0.067,444,The top lawyer in the ICE office in Seattle has been charged with trying to steal the identities of 7 people who we‚Ä¶ https://t.co/4c0OtJHUaa
0.0,Wed Feb 14 23:51:07 +0000 2018,@nytimes,0.0,1.0,0.0,445,RT @nytopinion: From November: @NickKristof on steps we can take to reduce mass shootings https://t.co/fHwxJbiKxZ
-0.6705,Wed Feb 14 23:40:00 +0000 2018,@nytimes,0.191,0.809,0.0,446,"Update: At least 17 people were killed in a shooting at a high school in South Florida, law enforcement officials s‚Ä¶ https://t.co/6fduSPrKx2"
0.0,Wed Feb 14 23:33:02 +0000 2018,@nytimes,0.0,1.0,0.0,447,Evening Briefing: Here's what you need to know at the end of the day https://t.co/utrpMghkb5
-0.7717,Wed Feb 14 23:18:56 +0000 2018,@nytimes,0.251,0.749,0.0,448,"More than 12 people were killed in a shooting at a high school in South Florida and the suspect is in custody, offi‚Ä¶ https://t.co/U3683GTxDb"
-0.743,Wed Feb 14 23:03:04 +0000 2018,@nytimes,0.259,0.741,0.0,449,"RT @nytvideo: A gunman opened fire at Marjory Stoneman Douglas High School in Parkland, Fla. Multiple fatalities have been reported. Here's‚Ä¶"
0.765,Wed Feb 14 22:47:04 +0000 2018,@nytimes,0.0,0.648,0.352,450,"To fulfill their commitments under the Paris climate agreement, some South American countries are protecting large‚Ä¶ https://t.co/j85SWB2sMz"
0.5859,Wed Feb 14 22:32:08 +0000 2018,@nytimes,0.128,0.656,0.216,451,"RT @palafo: Shaun White to NYT, after gold medal win: ""I regret my behavior of many years ago and am sorry that I made anyone ‚Äî particularl‚Ä¶"
0.0,Wed Feb 14 22:24:03 +0000 2018,@nytimes,0.0,1.0,0.0,452,"28 days, 28 films for Black History Month https://t.co/umL52xFSTq"
-0.0679,Wed Feb 14 22:10:06 +0000 2018,@nytimes,0.128,0.754,0.117,453,"RT @KevinQ: Even more revealing than insults: the complete list of people, places and things @realDonaldTrump has complimented on Twitter.‚Ä¶"
-0.5994,Wed Feb 14 21:55:40 +0000 2018,@nytimes,0.196,0.804,0.0,454,"""There are numerous fatalities"" in the South Florida high school shooting, the school district's superintendent tol‚Ä¶ https://t.co/zMPosTAc33"
0.0,Wed Feb 14 21:45:05 +0000 2018,@nytimes,0.0,1.0,0.0,455,"The stars of ""Black Panther"" see personal and political potency in Marvel‚Äôs first black superhero film‚Ä¶ https://t.co/Hl6iQME3qS"
0.3182,Wed Feb 14 21:30:20 +0000 2018,@nytimes,0.0,0.813,0.187,456,How to keep your Valentine's Day bouquet looking fresh https://t.co/fQC9WBDwxV https://t.co/Ns9PTQ26bK
0.4019,Wed Feb 14 21:24:12 +0000 2018,@nytimes,0.0,0.863,0.137,457,An abundance of Democratic candidates could help Republicans in 2018. How? An unintended result of California‚Äôs eli‚Ä¶ https://t.co/HzXRNa6Ti6
-0.5994,Wed Feb 14 21:21:20 +0000 2018,@nytimes,0.29,0.71,0.0,458,"The suspect in a South Florida high school shooting has been detained, police said https://t.co/m1BlHTdFNA"
-0.296,Wed Feb 14 21:15:35 +0000 2018,@nytimes,0.121,0.879,0.0,459,"President Trump: ""No child, teacher or anyone else should ever feel unsafe in an American school"" https://t.co/qxkVC0ezfw"
0.296,Wed Feb 14 21:15:08 +0000 2018,@nytimes,0.0,0.891,0.109,460,RT @poniewozik: Netflix is creating a vast parallel TV universe. But you can't just buy your way to greatness. https://t.co/pDryVxWOJ5
-0.1154,Wed Feb 14 21:05:35 +0000 2018,@nytimes,0.173,0.723,0.104,461,"Breaking News: Jacob Zuma resigned as South Africa‚Äôs president. He survived a string of scandals, but eventually hi‚Ä¶ https://t.co/QTc8LRCFIh"
0.0,Wed Feb 14 21:04:00 +0000 2018,@nytimes,0.0,1.0,0.0,462,"14. ""The Story of a Three-Day Pass"" (1968): An affair between a black soldier and a young Frenchwoman becomes a pri‚Ä¶ https://t.co/KhgFRLss0B"
0.4215,Wed Feb 14 20:50:04 +0000 2018,@nytimes,0.0,0.808,0.192,463,"RT @NYTScience: Peru has created a mammoth national park, protecting important rain forests and species from development and deforestation‚Ä¶"
0.0,Wed Feb 14 20:40:49 +0000 2018,@nytimes,0.0,1.0,0.0,464,"Breaking News: A shooting was reported at a high school in South Florida. ‚ÄúThere are reports of victims,‚Äù the polic‚Ä¶ https://t.co/DB6cqFOQ1i"
-0.1027,Wed Feb 14 20:35:02 +0000 2018,@nytimes,0.072,0.928,0.0,465,"‚ÄúIf we screw up we‚Äôre on the front page of every newspaper in Norway. We become idiots, overnight.‚Äù https://t.co/oCp4VZBdEn"
0.0,Wed Feb 14 20:20:14 +0000 2018,@nytimes,0.0,1.0,0.0,466,President Trump‚Äôs military parade will not come cheap https://t.co/VfeoiMRXVe
-0.3818,Wed Feb 14 20:05:03 +0000 2018,@nytimes,0.133,0.867,0.0,467,The screech of emergency cellphone alerts is quickly becoming the official sound of the 2018 Winter Olympics https://t.co/GGJYGNsKjL
-0.5574,Wed Feb 14 19:52:02 +0000 2018,@nytimes,0.153,0.847,0.0,468,"Morgan Tsvangirai, who led the opposition to Robert Mugabe in Zimbabwe, died at 65. Mugabe fell from power less tha‚Ä¶ https://t.co/sTeIZF0NMK"
-0.0772,Wed Feb 14 19:40:03 +0000 2018,@nytimes,0.08,0.92,0.0,469,"A scathing report found ""serious derelictions"" in a 10-day, $122,000 business trip the secretary of veterans affair‚Ä¶ https://t.co/Y3hq907gje"
0.4767,Wed Feb 14 19:30:15 +0000 2018,@nytimes,0.067,0.784,0.149,470,"RT @kerrimac: I spent a couple of hours shaking paws at Westminster yesterday with @samuelhodgson, a cat lover. See some of the pups we met‚Ä¶"
-0.4019,Wed Feb 14 19:20:06 +0000 2018,@nytimes,0.153,0.847,0.0,471,RT @JohnBranchNYT: My story on Lindsey Jacobellis. You remember her from 2006. That's the problem. https://t.co/ms7R3YvT7q
0.0772,Wed Feb 14 19:10:01 +0000 2018,@nytimes,0.072,0.844,0.084,472,"For the first time since 1945, Ash Wednesday and Valentine's Day fall on the same day. That has created a dilemma f‚Ä¶ https://t.co/0q0qdT7NbG"
-0.0258,Wed Feb 14 19:05:40 +0000 2018,@nytimes,0.171,0.711,0.118,473,"Don‚Äôt like a court ruling? For state legislators, retaliation ‚Äî from pay cuts to impeachment ‚Äî is an increasingly c‚Ä¶ https://t.co/WUTqjn4137"
-0.25,Wed Feb 14 19:00:13 +0000 2018,@nytimes,0.083,0.917,0.0,474,"RT @nytimesarts: A report from the Queens Museum's board suggests that Laura Raicovich, who resigned on Jan. 26, was asked to step down ove‚Ä¶"
0.0,Wed Feb 14 18:55:07 +0000 2018,@nytimes,0.0,1.0,0.0,475,"Jamie Brewer and her understudy, Edward Barbanell, are thought to be the only known performers with Down syndrome t‚Ä¶ https://t.co/IWAT7VNmYW"
-0.6808,Wed Feb 14 18:45:14 +0000 2018,@nytimes,0.212,0.712,0.077,476,"We asked 30 experts to think big, but realistically, about solutions to the opioid crisis. Here, in aggregate, is w‚Ä¶ https://t.co/JkqC41SScj"
0.0,Wed Feb 14 18:35:08 +0000 2018,@nytimes,0.0,1.0,0.0,477,"""You have to either get divorced or work through it."" The New York Times asked readers how they bridge partisan div‚Ä¶ https://t.co/8bxIWGfOcS"
0.0,Wed Feb 14 18:31:03 +0000 2018,@nytimes,0.0,1.0,0.0,478,What's Nordic combined skiing? Start with two ski jumps. Then add a 10-kilometer cross-country race. https://t.co/AKU2qEDLz3
0.4767,Wed Feb 14 18:20:03 +0000 2018,@nytimes,0.0,0.86,0.14,479,"The ""Black Panther"" soundtrack is nearly as densely packed and ambitious as one of Kendrick Lamar's own solo albums https://t.co/ukDmU7CQcC"
0.0,Wed Feb 14 18:10:01 +0000 2018,@nytimes,0.0,1.0,0.0,480,The official portraits of Barack Obama and Michelle Obama were anything but the norm. Tell us what you thought of t‚Ä¶ https://t.co/mdlKDNocxd
0.3612,Wed Feb 14 18:00:28 +0000 2018,@nytimes,0.104,0.734,0.162,481,"RT @peterbakernyt: Best advice @maggieNYT ever got from an editor? Not overthinking complaints from the people we cover, she tells @jestei.‚Ä¶"
-0.7184,Wed Feb 14 17:50:05 +0000 2018,@nytimes,0.318,0.682,0.0,482,"‚ÄúYou can ban a day, but you can‚Äôt stop people from being together or from falling in love‚Äù https://t.co/6M9QWMyv2T"
0.0,Wed Feb 14 17:35:07 +0000 2018,@nytimes,0.0,1.0,0.0,483,"Symbolically, the showdown between Japan and Korea in women‚Äôs hockey was much more than a meeting between teams ran‚Ä¶ https://t.co/7n5ZZahTWH"
-0.5106,Wed Feb 14 17:25:11 +0000 2018,@nytimes,0.191,0.809,0.0,484,"First, @UpshotNYT made a complete list of things that President Trump insulted on Twitter: https://t.co/1a1M28CKy2‚Ä¶ https://t.co/NL630jIEjY"
0.0,Wed Feb 14 17:10:08 +0000 2018,@nytimes,0.0,1.0,0.0,485,RT @jennydeluxe: hi my name is jenna and i'm addicted to spoilers ama https://t.co/m8Qa4i9hS5
0.0516,Wed Feb 14 17:00:15 +0000 2018,@nytimes,0.0,0.943,0.057,486,President Trump once said he would sign any immigration bill that reaches his desk. On Wednesday he issued a veto t‚Ä¶ https://t.co/ADuEJ58zD0
0.0,Wed Feb 14 16:50:08 +0000 2018,@nytimes,0.0,1.0,0.0,487,The U.S. has indicated that it will seek to place Pakistan on a watch list of countries that are not doing enough t‚Ä¶ https://t.co/MISuovjd58
0.0,Wed Feb 14 16:40:05 +0000 2018,@nytimes,0.0,1.0,0.0,488,"While you're deciding who should be your Valentine, consider what it takes for 2 songbirds to mate for life https://t.co/Yr40fBIJzC"
0.7845,Wed Feb 14 16:30:12 +0000 2018,@nytimes,0.0,0.734,0.266,489,"To win his third gold medal, Shaun White pulled off something he had not done before, not even in practice https://t.co/cBNqZHtnpt"
-0.8316,Wed Feb 14 16:20:10 +0000 2018,@nytimes,0.302,0.698,0.0,490,When did the White House learn about the Rob Porter abuse allegations? Its story has shifted. Here‚Äôs a timeline of‚Ä¶ https://t.co/52shlxlnQJ
-0.4019,Wed Feb 14 16:10:05 +0000 2018,@nytimes,0.13,0.87,0.0,491,One person was injured after a shooting at the entrance to the NSA's campus at Fort Meade in Maryland https://t.co/n1cz71DqC6
0.3818,Wed Feb 14 16:00:31 +0000 2018,@nytimes,0.097,0.728,0.175,492,Pennsylvania's Supreme Court struck down the state's gerrymandered House map. Now a Republican lawmaker wants to im‚Ä¶ https://t.co/Ex8V43f7eF
0.5106,Wed Feb 14 15:45:18 +0000 2018,@nytimes,0.0,0.858,0.142,493,RT @nytimesarts: The portraits of former President Barack Obama and first lady Michelle Obama elicited a strong response. What do you think‚Ä¶
0.6249,Wed Feb 14 15:30:04 +0000 2018,@nytimes,0.0,0.758,0.242,494,"""There was not a pressing comb or relaxer on set."" How ""Black Panther"" became a showcase for natural hair. https://t.co/Oomwnk6FB2"
0.0772,Wed Feb 14 15:17:53 +0000 2018,@nytimes,0.0,0.939,0.061,495,Forecasts show that America‚Äôs fertility is likely to fall far short of what women themselves say they want for thei‚Ä¶ https://t.co/jVNEzWBMYU
0.4019,Wed Feb 14 15:15:46 +0000 2018,@nytimes,0.0,0.69,0.31,496,"And yes, it is still cold. https://t.co/VdWB8tdnJG"
0.6597,Wed Feb 14 15:13:15 +0000 2018,@nytimes,0.0,0.748,0.252,497,North Korean cheerleaders remain the source of spectators‚Äô fascination. They are kept under tight control and escor‚Ä¶ https://t.co/GDLw1FfPlQ
-0.2023,Wed Feb 14 15:10:23 +0000 2018,@nytimes,0.107,0.893,0.0,498,Another Alpine event was postponed at the Yongpyong Alpine Center because of high winds https://t.co/iX6EtmcKgS https://t.co/d3pCs1Zmsb
0.5267,Wed Feb 14 15:08:13 +0000 2018,@nytimes,0.0,0.861,0.139,499,"Shaun White placed fourth at the 2014 Sochi Olympics, after winning gold in both the 2006 and 2010 Olympic Games. H‚Ä¶ https://t.co/TerzrgPPrW"
0.6597,Wed Feb 14 15:03:39 +0000 2018,@nytimes,0.0,0.795,0.205,500,"Chloe Kim‚Äôs father, a Korean immigrant, gave up his job when she was 10 to help her pursue her Olympic dreams. He w‚Ä¶ https://t.co/yJsCD9v2Ry"
